numberrange,name,phone,email
WKH97GOM8JE,Igor Wells,182-828-5313,turpis.aliquam.adipiscing@google.net
GWM31ELB1RX,Clinton Sanders,138-555-1155,varius.nam.porttitor@protonmail.couk
CFY85CNR3SE,Brady Head,541-315-8472,velit.aliquam@protonmail.net
RGP66EMS1DC,Montana Rhodes,611-938-6248,fames.ac@outlook.com
ILL62JNS4NU,Jena Marsh,496-461-9060,dictum.magna@google.ca
MHJ94CTH4CP,Adele Olsen,165-545-6168,malesuada.fringilla@google.edu
OGJ13FFK5HD,Magee Logan,617-887-5388,aliquam.adipiscing@google.net
NZR54RJV0VT,Rashad Murray,558-542-6754,mauris.sapien.cursus@outlook.org
FLH05OOX8FH,Jameson Franco,475-430-5235,donec.nibh@google.com
WCY88EKW4KZ,Lani Martinez,288-666-1821,odio.sagittis.semper@icloud.couk
PKD85OVW8HK,Mallory Sanford,227-463-4230,odio@icloud.net
CFR28DBD8UZ,Gemma Alvarez,675-158-7799,leo.in@google.net
OCX86BMO0VQ,Olga Carpenter,141-247-1487,vulputate@hotmail.couk
QOT67CHL5YF,Velma Carter,354-712-3037,nascetur.ridiculus@aol.couk
RJS62BWG1FT,Dai Beach,162-231-9717,fusce@aol.edu
GCX77CGM5BR,Hayes Miller,494-219-7661,magna@protonmail.couk
XKT81YXI2RP,Drake Solis,803-747-5821,purus@outlook.ca
FSX16NZY3BM,Veronica Bates,315-489-4476,placerat.eget@icloud.org
UDG04SUF7XL,David Nunez,644-667-6332,nec.enim.nunc@yahoo.edu
YED42LSE8DO,Shellie Floyd,503-468-2382,nullam@google.couk
PJG35HOJ2XE,Martha Norton,518-694-3105,lorem.auctor.quis@icloud.couk
HVX50CUM3TC,Ralph Torres,357-104-1761,magna.duis@outlook.com
VRX55LOR8GG,Dane Alvarez,679-676-3927,vitae.mauris@aol.com
VOB52KBF3TY,Madaline Marquez,842-547-3733,dolor.dapibus@google.com
QDV32WHG3BK,Samson Navarro,213-813-3222,aliquam@outlook.net
WEG52VDT7GX,Cain Deleon,113-274-2278,nulla.at@hotmail.couk
WDN34CGG5PR,Josephine Wheeler,511-553-2177,maecenas.mi.felis@protonmail.couk
WLT07VTL6LP,Wayne Alvarado,551-348-6633,sit.amet.consectetuer@hotmail.edu
XCS71OPF4BC,Tate Fuentes,174-709-4082,iaculis.nec@outlook.org
EMK81OUL5GF,Ingrid Herring,358-877-1758,quisque.libero@yahoo.ca
NSP05HGH0JC,Bo Hubbard,510-908-8442,libero.dui@google.com
KMS72QXK9YG,Judah Marshall,647-471-1868,donec@outlook.net
WOE39VUT4PY,Tyler Kidd,477-853-5440,venenatis@protonmail.ca
MBC63GGB3VK,Donovan Compton,405-776-0621,ornare.libero@google.ca
RCC61XJS7WN,Kelly Dawson,344-581-6444,rutrum.urna@outlook.com
NWP30GMH6SW,Ariel Cochran,615-733-0372,orci.tincidunt.adipiscing@hotmail.couk
HNL33IER4XE,Kirby Dudley,681-472-9813,mollis.nec.cursus@icloud.org
KUF45KYX5RJ,Gretchen Davenport,303-060-4228,integer.sem@icloud.ca
IRG05XRK5CI,Ivan Park,883-384-3941,nunc.commodo@icloud.net
CKO87OYL5OH,John Guerrero,294-285-5455,aliquet.nec@yahoo.ca
DHD46NCR8CK,Eliana Henderson,060-086-3170,fringilla.ornare.placerat@icloud.couk
CIT38GWY6VN,Elaine Allen,318-024-5875,imperdiet.ornare@google.edu
ODD70ERH8SB,Cairo Chapman,492-155-1263,eu.nulla@aol.com
AHK76FRJ5CJ,Gemma Rios,925-136-0755,donec.nibh@outlook.couk
VVB21DNJ0NL,Alyssa Moss,942-562-1215,accumsan.convallis.ante@protonmail.com
VOB27FVI7BP,Stephen Vaughn,738-252-4972,tempus.mauris@yahoo.net
DYF42EJE1JQ,Zia Carr,641-863-4747,et@yahoo.edu
KOR50VCL1IG,Quail Briggs,868-656-4761,egestas@aol.org
OJV16EIR5VB,Jada Clemons,258-954-6584,libero.donec@icloud.com
WEY35GRD2UQ,Erasmus Patton,701-538-5125,elit.nulla@outlook.couk
XIU16NGM8BO,Barrett Dominguez,264-016-0376,ligula.eu@protonmail.org
RLU39HUN0KQ,Jemima Beach,641-852-6808,nullam@outlook.net
QUK88PPL0YG,Nora Ingram,200-577-5359,nascetur.ridiculus@google.net
XNI71WNX7IS,Holly Diaz,442-747-7275,egestas.ligula@outlook.com
KPI18VYE8CS,Oscar Peterson,923-071-8672,leo.in@hotmail.ca
PSQ55DZD8KF,Kylee Fischer,272-724-2335,cursus@aol.net
RGK15CXA2MC,Steel Barrera,101-705-6335,eget.mollis.lectus@outlook.couk
XUE84AJO8TP,Catherine Beasley,454-147-2685,arcu.iaculis.enim@yahoo.couk
PQC62TOJ3JF,Xander Mcintyre,320-687-3977,quam@google.ca
CYV16YDM2KA,Ashton Rivers,350-926-2177,nisi.sem@google.org
DGS18WUL5IP,Clementine Skinner,339-231-3275,turpis.non.enim@icloud.net
GBA84NQF2PY,Reuben Cantu,813-812-6683,mauris.sit.amet@protonmail.couk
XLM65XON4OB,Gray Mendoza,882-617-2047,ipsum.dolor@protonmail.ca
MWK48ROW6OD,Oren Carey,156-321-6648,sed.sem.egestas@aol.com
SCH21INW2QK,Fletcher Fitzgerald,733-117-9978,vulputate.velit@icloud.com
LPB22XIA8JD,Xanthus Conway,855-741-1212,sed@protonmail.com
XHQ48FSN9QH,Clayton Sloan,884-481-4290,arcu@google.edu
QQN51UXH3JR,Aurelia Glenn,275-941-3536,fringilla.euismod@yahoo.net
FEX88LVY4KR,Howard Bartlett,966-086-6485,fames.ac@outlook.net
SNU43KHM1TP,Phelan Dotson,965-778-8291,ornare.elit@outlook.com
JHF57BIG8YK,Dawn Hogan,822-581-5459,duis.volutpat.nunc@outlook.org
IOQ24HTV6EA,Solomon Bowers,777-941-3742,id.erat@icloud.edu
TVD17OYF5FX,Stella Jimenez,468-122-5527,ipsum@protonmail.net
MIL46OER4YG,Jaquelyn Bean,727-077-2661,dapibus.gravida@icloud.org
VQA67BUD7UW,Wendy Stuart,740-135-1874,nunc.id@outlook.org
GLC86EIO3UI,Yardley Mercado,224-580-8313,pharetra.nibh@yahoo.couk
ZBR39CVQ5XI,Joan Hamilton,782-216-6312,quis.massa@aol.edu
MKT32HSX4WW,Martina Nash,585-077-9786,sodales@yahoo.com
BGS54ZHL9KX,Rogan Livingston,167-054-1912,odio@google.ca
UHF33BUA4UH,Yoko Maddox,657-341-2466,tortor.nibh@protonmail.com
FXG05THX4XT,Cade Cross,389-716-4664,ante@aol.org
OEP24ZHJ0WT,Lance Howard,663-843-1823,at.lacus@hotmail.com
HFC85EFA1LX,Kennedy Wright,991-240-1484,nulla.facilisi@icloud.edu
IGB74LXM6MO,Kiara Bonner,850-185-4230,at.fringilla@yahoo.couk
EJT00DCF1AV,Cathleen Murray,570-352-5958,orci@aol.net
UYK96SRM0FY,Rhonda Cantu,944-172-6434,auctor.velit@yahoo.ca
QXH12MHL5SZ,Leslie Cain,085-774-0664,convallis.dolor.quisque@hotmail.com
RJB62ZBQ4GI,Brody Hancock,077-755-4177,euismod@google.com
WPC45HRU7YD,Kennedy Rivera,982-497-1667,lacus.pede@hotmail.com
PWD93SYO5IR,Omar Knapp,667-803-5211,vivamus.euismod@protonmail.org
WZL73YPX3IB,Anastasia Norton,036-874-3757,fusce.feugiat@google.com
UUH49ISC9JX,Shelley Bennett,532-825-8817,sit.amet@hotmail.com
NVS08BLW1VR,Brent Foster,831-895-9617,pharetra.quisque@yahoo.net
UES57SMW8NH,Clementine Morales,813-321-8673,augue.malesuada.malesuada@protonmail.org
ROU35DFG6HA,Alma Duncan,570-523-3146,dui@google.com
XPF85YOJ4KL,Rana Garrison,315-859-6635,enim.mi@google.com
LIG47YTW2JD,Ursula Leon,878-548-5127,donec@hotmail.edu
BHI50YLR4TG,Roanna Callahan,076-745-2524,dolor.dapibus@icloud.couk
SOG98TEH2GV,Upton Morse,804-512-6987,fusce.dolor.quam@outlook.couk
AFC26EBV8UK,Wing Berry,949-878-8661,aliquam.tincidunt.nunc@icloud.org
QFR82SME9LE,Stephanie Albert,654-685-7372,luctus.et.ultrices@hotmail.com
PCI62PQV7AJ,Fulton Moses,363-846-1436,magna.ut@outlook.com
FTY42WUC3PV,Jillian Vincent,872-186-7816,maecenas.libero@protonmail.net
OEG34DBA7PS,Marah Sullivan,453-051-2742,pretium.neque.morbi@hotmail.com
MQX59FQM3JY,Raymond Key,196-772-2128,vestibulum.mauris@hotmail.edu
BTP35POL8MY,Francis Thomas,458-369-0740,accumsan.laoreet@aol.edu
HWI03KRN2JQ,Alice Sharp,319-360-1614,eget.ipsum@protonmail.edu
FRR65VIM5QO,Leroy Kane,355-479-7817,molestie.sodales@google.net
YQM98MKH3CE,Thomas Kidd,665-263-4563,id.libero@outlook.net
JSA85GXR6QH,Dieter Watts,450-026-9247,ut.pellentesque@hotmail.net
KUJ75ODG8EQ,Jasmine Vega,404-432-3436,quis@icloud.ca
TJC72WEY4KA,Colby Holloway,023-558-1311,mauris.rhoncus@google.edu
WCZ38OUP7LI,Alfreda Mccray,611-739-6661,sed.pede@google.couk
NII98UTS6OP,Dieter Osborne,671-825-2251,cras.interdum@aol.org
CQN28WQW6BI,Alan Forbes,586-664-9212,nam.porttitor@yahoo.com
AVZ83CYC1YK,Lesley Oliver,536-877-4123,egestas@hotmail.net
DSK28SQB1VF,Anjolie Harrell,334-328-7491,ut.nisi@yahoo.edu
EIR81CTW6HE,Jasper Clayton,642-232-9458,ridiculus.mus.aenean@hotmail.ca
TDH18HAL4JG,Jorden Solomon,809-513-7686,in.faucibus@icloud.couk
BXW62TJS3UP,Kennedy Slater,015-885-4370,donec.est@icloud.org
QUY09ARM1OD,Nerea Ford,206-372-0795,a.scelerisque.sed@yahoo.edu
KNH17RRJ4RP,Mechelle Moran,945-222-7605,tellus.aenean@yahoo.edu
MNM45NSR6IQ,Sylvia Phelps,254-441-5037,fusce@yahoo.ca
PCQ64GBV8TF,Jolene Terry,028-872-1594,lectus.rutrum@outlook.couk
PEV35LMB2NM,Ivana Joyner,790-807-3571,nunc.in@outlook.com
VTW68YWX3KJ,Keegan Robertson,111-411-1457,sed.molestie@icloud.edu
SUB82RAH3MU,Abra Burnett,495-542-6566,sed.dolor@google.net
RNH94HSX7SB,Whitney Key,683-845-5326,suspendisse.tristique.neque@aol.ca
EFN44CKC1MM,Donovan Thompson,075-141-7391,sagittis.lobortis.mauris@protonmail.edu
EMS83SSZ2LM,Alika Hines,191-383-1240,dolor.nonummy@outlook.ca
ATV71WOC4II,Hilda Robles,838-232-1234,dolor.quam.elementum@aol.org
ZBG35NHG9XT,Irma Conner,462-629-1115,pretium.aliquet@google.net
TFF53QPO3XQ,Paul Ball,651-541-7618,nibh.quisque@outlook.couk
NVS50NJO2UN,Aladdin Wynn,887-480-9314,ac.facilisis@outlook.couk
XWT59PBG8HW,Cheryl Barrett,267-798-5687,risus.at.fringilla@hotmail.net
AHF32TMJ3SP,Galena Leon,236-798-4674,tempor.augue@icloud.couk
JGT72SYL7CG,Wanda Rivers,251-123-5761,eu@google.com
TPD72VPG4NK,Amery Soto,776-556-8043,scelerisque.scelerisque.dui@aol.org
CHW23GAH4WN,Craig Dillard,308-328-9861,nascetur@protonmail.edu
UED78INF9ZA,Basia Good,409-822-9624,tempor.diam.dictum@hotmail.edu
DCB82DZQ3GU,Maxwell Hunt,181-887-1455,lectus.justo.eu@icloud.com
XDX75RVH8BY,Basia Steele,468-520-6653,malesuada.malesuada.integer@yahoo.net
CWF81MWF5WO,Paki Lester,266-694-6858,mauris.blandit@google.couk
OPI82QLD9KY,Leo Velasquez,471-665-0116,sociosqu.ad@yahoo.org
WHJ12NQP1TQ,Tallulah Mosley,358-120-0558,erat.eget.tincidunt@aol.net
JSX42POT6VG,Herman Silva,253-300-1516,erat.vivamus@hotmail.edu
HCD20GWO8MG,Jacqueline Lowery,353-281-9467,massa.vestibulum.accumsan@yahoo.com
HOW18UIP6BT,Griffith Morales,312-222-5764,nonummy.ultricies.ornare@icloud.org
EJY33LPU3OD,Jeanette Beach,558-356-5875,ut.molestie.in@protonmail.org
EMT37VKZ1WA,Caesar Mcneil,132-266-3466,vulputate.nisi@outlook.net
OST35HXQ6GX,Ursula Parks,596-783-4347,lorem.eget.mollis@outlook.ca
QYN07RDV2YN,Colorado Mathews,554-552-7597,cras.interdum.nunc@icloud.couk
YFT63DPK4SO,Lesley Bates,383-810-0184,placerat.cras@outlook.org
UEO72UHY3IO,Jaden Wade,803-535-4728,et@aol.couk
JPM30VRH7KX,Juliet Armstrong,623-131-2869,vel.pede@protonmail.net
LST25MFY7JB,Lyle Frazier,482-453-0087,lorem.ut@protonmail.couk
FML27WSO1CC,Akeem Gallegos,229-620-4579,ipsum.cursus.vestibulum@icloud.org
DKQ05CPG8JM,Steel Rowland,871-414-2660,nullam.feugiat.placerat@yahoo.net
SDX46YNI0VO,Barry Becker,856-236-1741,bibendum.fermentum@protonmail.couk
GQC57GIG1QD,Vladimir Wall,075-861-3041,rhoncus.nullam@protonmail.ca
NIJ26QZW1FR,Nash Kane,362-717-4784,mi.lorem@icloud.com
JMG32RFI7KK,Marvin Joyce,175-433-9872,lorem.semper@aol.org
COM77PLU4TA,Yasir Workman,589-386-4562,torquent@protonmail.com
KGT81GOX9MR,Jin Smith,464-257-8133,lorem.auctor@google.net
UJI73AIL2HR,Skyler Avery,859-544-6514,lacus@aol.net
OQX74OIN7CT,Cadman Roth,933-809-8564,ornare@google.ca
BWO77BBC8BX,Gage Mcdowell,948-324-7784,fusce.feugiat.lorem@aol.com
SHE62IDV2BM,Gemma Knox,879-153-3631,nulla.integer@protonmail.ca
NUS49GBV2BH,Wyoming Bryan,561-478-7328,diam@icloud.ca
LXW26QAX7VN,Chaim Hampton,249-294-2196,auctor.vitae.aliquet@google.org
HMG21AXN8UG,Hedley Henderson,266-268-5895,augue.porttitor@icloud.net
NHO40BHV0GT,Nigel Perry,565-254-4798,nonummy@aol.couk
RWY56LGA2EX,Carissa Blanchard,589-880-7575,eget.lacus@icloud.org
EVI38HDU2RE,Daquan Gilbert,745-413-5024,nunc@google.net
WZN65DHO1YP,Orla Swanson,345-393-1242,semper.tellus.id@outlook.edu
KXN29TDJ4TR,Bell Stevenson,747-315-4237,neque.sed.dictum@aol.org
MOX44UPQ1EX,Imogene Nolan,564-601-0032,libero.dui.nec@outlook.couk
VVW17GKN4BB,Skyler Mueller,357-366-3405,quis@icloud.edu
JTS76BER1PI,Hyacinth Maddox,353-846-6452,venenatis.lacus@icloud.org
TWY62KFQ4PX,Darius Melton,373-201-0246,mollis.integer@outlook.com
LIH77OML1DI,Chastity Melendez,598-178-7738,pharetra.quisque@protonmail.ca
BKF10BRK1FM,Anika Walsh,338-377-8859,maecenas.mi@protonmail.ca
VMX19BWG9TP,Scott Higgins,915-820-5657,neque@hotmail.org
RTH50GTZ8BX,Ezra Fitzgerald,042-832-7259,aenean@icloud.com
BQV41SKW5UF,Jonah Morrison,547-157-9358,a.purus@hotmail.edu
NLV83PRC5GK,Chaney Sims,686-314-0856,nullam@protonmail.edu
MLG47HDP6JX,Kameko Savage,642-611-6372,cras@hotmail.com
MJV53GMX2RK,Sebastian Villarreal,567-913-2348,cursus.purus.nullam@google.ca
WPE85VFG0FG,Wynne Duke,688-662-0484,tellus.justo@outlook.couk
QEM33BIW2HR,Noah Noel,326-654-9359,vel.convallis@outlook.edu
IJG05MQN7DN,Adena Russell,204-940-0470,duis@outlook.net
IEK05GTJ3LG,Kelly Potter,868-533-7161,odio.etiam@aol.edu
CKR55GBA0ON,Hayden Bean,266-555-1097,ut.cursus@yahoo.edu
BCI84RRB8RV,Herrod House,904-376-9527,sem.eget@aol.org
VQD99NHH2FK,Warren Valentine,505-462-5813,ut.molestie.in@google.com
HFL69GFN3SU,Quin Hickman,265-170-6951,vel@google.org
XAX86ZZL5MD,Callum Mitchell,487-551-1555,dolor.nonummy.ac@google.ca
NZW43HRC2AP,Deanna Alexander,303-520-7677,at.velit@aol.couk
SVE89EVS8LL,Hedwig Fitzgerald,277-145-3634,elit.curabitur.sed@yahoo.couk
CKN25TBR6HX,Denton Parker,651-810-2206,sed@protonmail.edu
JOO65EPM6OD,Azalia Nash,356-240-2248,velit.justo@outlook.com
TQR55DVQ7KT,Tanek Singleton,739-127-2365,enim.etiam.gravida@google.edu
GYM38KRL3KH,Richard Richmond,862-154-3089,est.tempor@hotmail.net
RRW86CIR7EO,Maxine Allen,346-223-1918,est.vitae@google.net
EXA45GXH5RD,Ross Irwin,863-383-3355,tellus.non@yahoo.org
YFQ36FKH4PT,Brielle Hamilton,400-485-5356,aliquam.rutrum@icloud.com
RXR52OTN7ST,Octavius Everett,592-412-5163,libero.proin.mi@outlook.com
BMN53WAQ5UI,Cameran House,958-642-5146,aliquam@outlook.net
QZE77LPY7TJ,Zorita Drake,234-459-5210,sodales.nisi@icloud.net
HTO03IVU4YQ,Juliet Pollard,771-341-2768,per.conubia@hotmail.ca
KTQ52YHR8OC,Iris Mcdaniel,013-337-3241,nec.imperdiet@outlook.ca
DNG17PQE5NV,Slade Suarez,521-719-3435,mi@outlook.com
JTR32MOI6JD,Shafira Madden,436-214-5167,nec.tempus@hotmail.edu
WMR60UBH7LG,Rachel Duke,736-466-8760,scelerisque@outlook.edu
ZUV32LQJ5IM,Fritz Huff,243-851-4682,nulla.in.tincidunt@outlook.org
GEO30MIP6PW,Brennan Casey,795-533-3694,tellus@outlook.ca
ICD11GGB5ET,Curran Powell,957-218-0143,lorem.luctus@aol.ca
PLJ25GNY5TP,Howard Kramer,026-662-0737,erat.sed@yahoo.org
RPO86HQM6GY,Freya Wyatt,376-422-7845,donec.felis.orci@protonmail.com
QXU48VCG3KC,Jaden Espinoza,445-407-2984,cursus.purus.nullam@protonmail.edu
NHT85GVF1GJ,Travis Dejesus,398-717-2103,vitae@yahoo.edu
DEF47VBL8MC,Bradley Sexton,546-256-6566,tempus@yahoo.com
YDX72CVE5WF,Reuben Key,154-386-2091,pharetra@outlook.net
IEE72KXV1KD,Zena Frost,728-758-5635,convallis@outlook.com
YJW84EFJ2CT,Geraldine Melendez,364-031-8724,tellus.justo.sit@hotmail.couk
LPJ62CMT1DJ,Hamish Flores,729-133-2348,fermentum.fermentum.arcu@yahoo.couk
SUN85IDE5IM,Octavia Sears,135-274-0812,interdum.feugiat@protonmail.com
DYM17WFE1DR,Sebastian Short,477-464-5404,ultrices.posuere.cubilia@outlook.couk
CHS46NSM8AM,Sade Kelley,513-573-2867,sapien.aenean@icloud.com
WWR17GBG0YT,Melodie Horn,153-577-3045,augue.malesuada@aol.edu
RYK06GMK4GT,Alma Caldwell,773-513-1770,turpis.nulla.aliquet@aol.couk
VCR30HYC5QF,Lacy Lester,287-564-2216,duis.sit@icloud.net
GWU14LRA4BI,Arthur Hammond,362-467-1704,luctus.ipsum@google.net
FQF04JTI2BD,Rhoda Hawkins,556-684-1738,pellentesque.tincidunt@outlook.ca
LST42LOY1HC,Fulton Bullock,291-674-3854,velit.quisque@hotmail.ca
KMN74XUJ8PS,Dara Patton,230-548-6817,aliquam@aol.net
IEG85KBJ7TP,Tyler Hester,598-747-6911,mi@hotmail.couk
XUV31XNJ4QU,Beck Bryant,305-666-2648,morbi.accumsan@icloud.couk
UYL88MVS6BI,Renee Allen,752-637-0578,pede.nunc@hotmail.com
BFJ67GHZ5XT,Murphy Sullivan,145-772-6877,malesuada.ut.sem@google.org
QSY06QXW4UX,Abbot Ramsey,174-146-7028,diam.dictum.sapien@hotmail.org
JXI34BNK4SG,Abel Barker,986-158-6963,vivamus.molestie@protonmail.com
EXK57LKP7HR,Nadine Lott,321-311-3811,donec.porttitor@outlook.edu
XVM03OOW5RM,Neville Davis,822-324-7868,luctus.ut.pellentesque@icloud.com
SRP64IQM3PD,Quyn Wilkins,867-457-5305,sed@protonmail.ca
XSG49VRU9TO,Edward Gilliam,257-335-5681,ornare.elit.elit@protonmail.ca
NBW21FVY3LF,Amanda Bolton,812-364-3113,mi.aliquam.gravida@hotmail.edu
IGI35LGW8EV,Yvette Dillard,670-142-5555,integer.in@hotmail.net
AHK67QMN3IO,Keith Harrington,118-951-4272,lorem.eget.mollis@hotmail.couk
XEB73PUC6QP,Riley Conrad,941-675-0606,erat.vivamus@outlook.org
OZF56HPB3MO,Keefe Gomez,179-095-1758,at.auctor@hotmail.ca
VQW93QOR1FO,Emery Hunt,457-301-7266,sit@protonmail.edu
IDL11IAS5YT,Kimberly Anderson,621-643-4792,in.scelerisque@yahoo.couk
BDQ78GWB5OY,Jakeem Farmer,534-481-4836,donec@outlook.com
SCD97DXY6LX,Brynn Porter,628-814-5028,malesuada@hotmail.ca
LBM73BPD1GB,Vielka Downs,788-374-9282,metus@outlook.edu
CAW27XYA2PA,Kylynn Wilkins,892-605-4327,sociis.natoque@hotmail.com
UKC36OUB4HM,Edan Brennan,440-818-4643,auctor.non.feugiat@yahoo.com
HVS98BQY2GY,Rylee Huber,129-522-2847,sollicitudin.adipiscing@protonmail.edu
WDJ42WVS8VK,Driscoll Fry,761-883-4537,eu.odio@yahoo.org
SOS54IUQ5EI,Nolan Mercado,415-165-8761,accumsan@protonmail.ca
MEU18RMX7TW,Regina Olson,645-762-6271,sem.magna.nec@icloud.org
QEY43PTL1OR,Gail Weaver,541-751-4361,nibh.aliquam@icloud.net
OIP55JCR4UQ,Indira Chase,847-916-7686,a.nunc.in@yahoo.net
DDM43YKC6EI,Phoebe Martinez,153-608-8946,mauris@outlook.couk
UNJ83OTX8FF,Brenda Cote,575-982-0777,morbi@icloud.net
CFZ11XUT3JQ,Dante Herring,462-741-3326,nisl.arcu@aol.couk
FPW61KSJ3YH,Lenore Hale,297-878-9716,natoque.penatibus@protonmail.org
BNC91NVN9QB,Slade Knowles,939-247-8646,donec.tincidunt@google.edu
DYY77QUL2VK,Ruth Nunez,312-928-3578,ac.tellus.suspendisse@outlook.couk
XDB79KVE8TM,Yetta Goff,084-459-8173,ac.mattis@hotmail.com
NIF87CUN4DS,McKenzie Gordon,432-214-6113,ipsum.leo@google.org
KGN48RVW4XB,Shelley Walton,764-643-3460,phasellus@google.net
OFD04NVO7MJ,Gemma Schwartz,468-288-6264,arcu.aliquam@protonmail.couk
JSD51WTO6ZW,Leigh Roman,777-843-8182,ornare.fusce@protonmail.net
LUB04MYL8LH,Wade Romero,333-108-9501,pede.malesuada@outlook.edu
RXX78NCE8ZU,Michael Huff,512-341-5747,nunc@hotmail.net
PQS70MUN4PG,Kelly Taylor,888-248-1427,mauris.morbi.non@aol.couk
MMR52PNB2SX,Nita Noble,721-447-5304,massa.vestibulum@aol.net
UYO65WDL7DC,Castor Joyce,664-012-7442,urna.nunc@yahoo.edu
DNU25IVB1PX,Jeremy Coffey,558-114-8022,sem.vitae.aliquam@yahoo.edu
JRS01QET2IE,Stacy Ford,964-357-1782,nullam.scelerisque@outlook.edu
HKD51TES2HP,Whoopi Foreman,667-857-2589,orci.adipiscing.non@yahoo.org
MLH14YYW4JB,Zena Estes,478-436-9466,elit.fermentum@icloud.net
UGB54FYB2DK,Chase King,033-828-4700,neque.nullam@hotmail.edu
NFS14DEN4JD,Ima Greer,873-016-1227,hendrerit@yahoo.couk
HIW12HSU4FA,Skyler Francis,847-861-1373,aliquam.arcu@google.net
YOW51LEK0KF,Isabelle Mcdowell,522-196-6063,tellus@outlook.org
FJO05KPE3PU,Baker Spence,136-243-7626,consequat.nec@aol.edu
HXD88FWO5WB,Erich Callahan,047-765-3163,mus@yahoo.edu
SOG91SIN4BM,Elizabeth Jordan,327-375-5449,penatibus.et@icloud.net
UYS40SRF1XI,Fulton Bond,576-255-9455,malesuada@google.couk
QIA37VJO4NJ,Naomi Phelps,766-013-8507,vulputate@hotmail.org
QPH16TOT7AE,Acton Ewing,281-355-3840,lorem.ipsum.dolor@icloud.edu
UOI02NFJ5WD,Yoshio Scott,161-151-3136,senectus.et@outlook.org
HEQ59ORL6UU,Forrest Greer,431-478-2556,nisl.arcu.iaculis@aol.couk
TLC25NXN2IB,Colt Mendez,355-854-1637,scelerisque.neque@hotmail.couk
UTF45XFF4LT,Ralph Rios,213-178-8573,sed@hotmail.couk
ZVM71PTX0YD,Kenneth Simpson,186-593-1460,justo.eu@yahoo.ca
SYV55JBP4MD,Desirae Mejia,436-791-5279,et.ultrices@aol.net
TLD18EVK2RU,Chiquita Higgins,199-252-8852,lobortis.class@google.org
YMK25VUQ2RI,MacKensie Riddle,747-312-5906,sem.mollis@outlook.ca
QOU43THT3RE,Zachary Harding,618-785-9733,posuere.vulputate@protonmail.com
NPG47VVK7NQ,Germane Witt,638-852-7749,dui.in@google.net
PGF86JLO5OF,Erica Schwartz,059-721-2103,proin.ultrices.duis@yahoo.com
OPX86PKC3GH,Winter Wolfe,332-742-2667,in.faucibus@protonmail.org
RKD93MCD8TB,John Anthony,961-480-3784,nam.ac@icloud.net
LOY97KKV7DO,Martena Clarke,817-273-1287,nec.ligula@icloud.org
WWH43IUR5EK,Charles Finch,435-470-4141,vulputate.mauris@protonmail.ca
MVD54PGL4HD,Benedict Valdez,736-533-1495,tristique@protonmail.edu
KGU21FOM5CB,Christian Randall,731-985-0651,pede@protonmail.net
WQM57SMR1BB,Cherokee Patton,528-048-6254,litora.torquent@aol.org
MRN13SRK3QG,Derek Sharp,317-889-4409,euismod.et@google.net
KIH96FKA1DP,Shannon Giles,738-428-6144,dignissim.pharetra@aol.couk
WMF48PJF3UQ,Kane Hewitt,033-173-4200,orci.phasellus@protonmail.ca
LAX39ZUQ3DJ,Venus Sanders,585-936-1090,libero@aol.net
WCC62RPA6PT,Rigel Noble,131-866-9899,sed.pharetra.felis@hotmail.com
GUR96ITB5PV,Wyoming Yates,086-741-4653,eu@icloud.ca
KCC53LND1EF,Galvin Lynn,331-433-1978,quis@icloud.com
GQC29TMJ2RW,Ryder Bradshaw,620-720-7576,aliquet.odio@google.net
WSC63XUJ1PL,Clark Vargas,148-479-5662,lobortis@icloud.couk
RDT86QFL0LL,Ivana Franklin,102-768-5536,dui.fusce@outlook.com
LYF06XZP6FS,Malcolm Beard,103-711-2293,massa@hotmail.ca
OLS52JUQ8NM,Anika Sherman,931-883-4371,eu@aol.ca
PVC52AGS5GN,Hilel Miranda,570-371-5696,vitae@hotmail.com
TOP71EEY1UL,Heidi Richardson,587-722-7739,purus.gravida.sagittis@yahoo.couk
EDF86WKG4KM,Penelope Waller,626-296-3787,sagittis.nullam.vitae@icloud.edu
UOK56OFO4PX,Nichole Dillard,358-812-5734,at.velit.pellentesque@google.edu
ZYU34XFG5RO,Neve Lindsay,615-017-6354,sit.amet@google.org
YHY24DUJ0FD,Samantha Britt,672-558-9865,et@google.couk
OVM50SMP4ZZ,Malachi Rosario,719-482-5401,auctor@outlook.org
ZCI42CEJ5QP,Xantha Eaton,167-133-8041,sem@icloud.com
XGR31FOY2GQ,Slade Gallegos,227-071-7769,adipiscing@protonmail.com
JHB62HDX6MG,Patience Mcpherson,487-185-9808,ligula.elit@protonmail.couk
UQN04BMZ8JZ,Galvin Cervantes,126-589-3848,nam.ligula@outlook.couk
IOK52GQS1UB,Ulysses Reese,096-193-1998,eu.tellus@google.net
WUB58HPF5MU,Kibo Franco,211-388-1635,justo.praesent.luctus@google.net
WHP88LRJ6CQ,Steven Brooks,522-566-3008,arcu.iaculis.enim@yahoo.net
UPP36VWQ5TV,Dante Neal,794-345-1332,vitae.diam.proin@aol.couk
QKL88ICD2EF,Nyssa Chavez,142-412-0196,sit.amet@google.edu
UVM27IIQ3XF,Cole Rasmussen,268-611-7514,felis.nulla@hotmail.couk
ARI77OOU1LV,Hammett Rogers,896-730-0777,nunc.ac@aol.com
QQS40RWM1OD,Bianca Rich,635-786-0208,id.erat@outlook.net
MQT44OCL9LM,Azalia Roy,161-445-6835,tempor.erat@outlook.couk
NBY21SHJ9OI,Xanthus Short,182-274-1544,fringilla@yahoo.edu
VHQ56RBP9XS,Chava Hurst,090-416-0056,imperdiet@protonmail.org
JDR90TVE2TT,Sage Schmidt,347-576-6484,magna@outlook.edu
XDB15MWS2PZ,Alan Vaughan,777-715-1444,et.pede.nunc@icloud.edu
LKK23DFN7RC,Courtney Espinoza,782-230-2261,dolor.dolor@outlook.ca
HOU68HGQ1HH,Austin Reilly,548-891-8502,felis.eget.varius@icloud.org
QXX12ZJF1WX,Len Mckay,901-727-2343,lectus.cum@aol.couk
GLJ38LNH1EU,Wylie Barker,270-646-8192,cursus.vestibulum.mauris@yahoo.com
DWC85EUN7IO,Keith Morrison,288-541-4852,ultricies.adipiscing@outlook.com
ROU30RVQ1OS,Bert Holder,693-462-6813,metus.aliquam.erat@aol.net
WYL74MYD1JJ,Jane Hamilton,522-058-7741,lectus.ante@yahoo.net
FRY41XDO0XE,Willow Hall,391-353-6211,et.ultrices.posuere@aol.edu
DIK44RLN5PP,Jerry Estrada,084-552-2734,nec@icloud.net
KNE74KCO8RG,Carla Gonzales,090-593-7796,vel.venenatis@protonmail.com
HWU53QDY2KK,Keely Stafford,826-615-4107,justo.praesent@outlook.couk
ATW27PVV8XO,Owen Hendricks,833-487-1604,consectetuer@google.org
JSW27YIE7XW,Christen Lopez,022-046-1702,mauris@aol.couk
TSA97QSJ8BU,Dominic Montgomery,553-224-6211,felis.nulla.tempor@google.edu
ZPQ67SMA3DP,Mary Cox,114-528-4383,lorem@outlook.com
EPH17DHC2SG,Hop Kim,814-981-0966,nam.ligula@hotmail.couk
AFK65IBR9DL,Amos Mcknight,421-627-1554,integer@icloud.net
OXF13CRP1GQ,Elaine Russo,834-754-4365,urna.suscipit.nonummy@google.ca
PGG77KKD3KO,Wang Meadows,743-767-7550,arcu.vivamus@protonmail.org
DHM36ZEB4EF,Martena Warner,254-620-3015,erat.nonummy@hotmail.couk
YWB23UDC2GG,Ashely Mason,524-783-2168,in.aliquet.lobortis@protonmail.net
DBE88ELP5UI,Colt Ingram,519-437-8426,feugiat.nec@aol.net
TVB11XBX2LE,Kimberley Head,127-978-1842,justo.nec.ante@icloud.couk
RSM44CDD5OK,Kylie Mcmillan,116-312-4836,sociosqu.ad@hotmail.couk
JHX61URY3BH,Iris Rodgers,305-737-2428,faucibus.leo@google.org
RLL61TFM3YE,Rooney Morales,043-655-4471,at.risus@yahoo.org
EDB53HMC3IT,Kennan Flores,355-272-0326,sed.id.risus@outlook.org
TCH42ZTH1MH,Rinah Hampton,789-311-4446,est.mauris@yahoo.net
MLH61MDD1DO,Evangeline Vincent,874-678-6477,magna.praesent@aol.org
ECV27WXI5IX,Ahmed Madden,708-461-1152,sagittis@hotmail.couk
XHN88BSV6LC,Zia Valdez,372-883-6224,ut.aliquam.iaculis@aol.org
BNJ28GST6DL,Kaitlin Vance,659-441-1815,sit@outlook.com
ECX73BNO4ID,Burton Yang,685-436-8562,aliquam.eros@google.org
RBV45ZNF1MU,Alexander Mcfadden,353-264-4149,quis.arcu.vel@aol.org
PUK48MSR3RC,Shelly Vance,716-275-1525,volutpat.nulla@icloud.ca
BXV36OYM1TJ,Dora Frederick,045-735-7776,pharetra.nibh@aol.edu
BXV22XNC3IS,Audra Phelps,756-384-5251,imperdiet.dictum@outlook.org
QPY96VXH1LQ,Briar Shepherd,615-674-2416,duis.cursus@google.edu
SSJ07AEG2LG,Lester Woodward,577-148-8281,nisi.magna.sed@icloud.net
PMZ24MYI8SY,Brady Walsh,139-637-7293,lectus.justo.eu@yahoo.net
IPW16JQZ7HE,Willow Griffin,750-856-2751,vestibulum.ante@outlook.edu
RUW74DUX8PM,Shaeleigh Greer,254-426-5873,blandit.at@hotmail.edu
LFW45SJT7XI,Steel Mayo,829-165-0897,montes.nascetur@icloud.org
KRI87SPW4ZB,Scott Sanders,036-565-7307,congue.turpis@icloud.com
XNX57ABH5BT,Nora Atkins,121-135-5190,eget.odio.aliquam@protonmail.com
KPN95IOY7UA,Thaddeus Mullins,982-665-3665,velit.eget.laoreet@yahoo.net
GII58MDK6NW,Hammett Kennedy,740-385-0673,non.sapien.molestie@icloud.com
PMJ73WWL3EW,Ora Le,038-566-6958,risus.nulla.eget@outlook.org
RPQ26MJK4KP,Lunea Bates,967-777-3235,magna.sed@hotmail.couk
XLF41IET0VD,Colorado Savage,087-426-9868,egestas.aliquam.fringilla@hotmail.ca
PBG97KTO5WX,Michelle Baxter,714-358-7242,lorem.fringilla.ornare@yahoo.edu
EDB54WUH5HR,Nehru Mathis,734-721-8334,ut.odio@hotmail.edu
RKN23TFQ1OL,Simon Berger,903-397-8819,ac.sem@aol.couk
PXE81PKJ3GN,Cullen Haley,462-665-9435,varius@yahoo.edu
TSB85EGD2IF,Patricia Holden,532-117-6029,vel.vulputate@protonmail.couk
SGX82LIM5OK,Andrew Randolph,153-654-0167,penatibus.et@outlook.org
JNW28CUG7AO,Logan Coleman,535-887-6172,ac.orci@outlook.ca
EAQ16KFC7UX,Claire Collier,974-724-2624,turpis.in@hotmail.com
QHP34OBK0FA,Kenneth Tyler,356-744-5384,quis.turpis@google.ca
TTP87EJS0BY,Dennis Lancaster,696-586-0143,a.nunc@google.ca
HRR47VLW3EP,William Fulton,253-789-3942,feugiat.tellus@google.ca
BWZ91CFL8LL,Timon Black,661-377-1851,nec.luctus.felis@outlook.net
SLC64CCG2KU,Regina Ware,536-857-2285,et@protonmail.edu
BLG96BPX4EQ,Quinn Bartlett,167-380-4757,eget.ipsum.suspendisse@aol.org
SEU59OPE6BR,Velma Castaneda,899-384-3724,quis@outlook.com
SOH62PKQ3JP,Nita Ballard,718-715-3064,consectetuer.adipiscing.elit@yahoo.ca
RNE45UPB6XX,Hakeem Booth,376-865-7064,cum.sociis@aol.couk
RYS67LMB0VH,Dale Black,985-632-3291,eros.non@outlook.edu
LNT52BZN3BF,Tyler Woodward,870-177-2567,cum@protonmail.ca
HPJ27OWB1DT,Elaine Waters,726-183-3518,tellus@outlook.ca
XHR88EDZ4WL,Maite Golden,111-533-6035,mattis.semper@google.couk
ZZU11SVA3EV,Sawyer Kidd,947-347-6086,lorem.semper@protonmail.net
IYQ97QUP4PY,Harding Moses,634-826-7952,amet.nulla.donec@protonmail.couk
SWF23OLD6MR,Ciaran Galloway,577-388-9726,enim.mauris@protonmail.edu
VDT83UFS7NB,Hope Lucas,893-241-8171,vitae.orci@icloud.org
GMG71PWN9LV,Avye Mclean,443-214-6050,risus.at@google.edu
UJB66GEI1QJ,Raja Hanson,355-239-5178,mattis.velit.justo@protonmail.edu
XJJ62FTR8AF,MacKenzie Hendricks,341-685-7778,arcu.vestibulum@google.ca
SDX78KYI1OL,Kylan Spencer,561-085-0425,lacus.pede.sagittis@protonmail.net
CUX62LOW3HE,Wylie Melendez,644-374-5730,nascetur@outlook.ca
BGC71SBX0FP,Victor Myers,488-232-3781,est@hotmail.ca
CBN12MFG0LB,Giselle Boyer,474-436-0767,massa@yahoo.edu
HNF44OMQ0UR,Risa Snow,425-867-6644,pretium.neque@aol.edu
GUS48GNX6ZI,Maisie Mccormick,375-414-8862,elit.dictum@aol.couk
QCI84DMX5LL,Boris Day,711-235-6076,pharetra.ut@outlook.edu
MDU76UDW7EQ,Ross Huber,511-316-6533,mi.tempor@outlook.net
GTI62ONV1VJ,Burton Chaney,815-169-5827,mauris.ipsum.porta@aol.edu
OYJ78UOL9TU,Xantha Greer,453-134-6878,luctus.curabitur@yahoo.org
SKJ38SZD3SB,Camille Glover,676-879-6344,litora.torquent@protonmail.ca
AIJ85BYM5SH,Todd Booker,250-578-2512,cum.sociis@protonmail.edu
KVR62DWB5QF,Alisa Nieves,480-984-5454,suspendisse.ac.metus@outlook.com
NUL61HHY3DB,Brady Landry,323-987-1474,nulla@hotmail.org
ACW69GMT5DR,Leilani Oneal,483-722-3965,metus.vitae@aol.net
SHD56QBM2NR,Veda Williams,171-576-9680,magna.sed.eu@protonmail.couk
UIM42GDK4EP,Charity Hurley,631-528-5139,est@outlook.com
VCO17OYE2TQ,Dai Lewis,717-226-2357,magna.a.neque@yahoo.net
MYV78HGR6SY,Ebony Serrano,879-677-6191,est.ac@aol.ca
CXP47RFK4NV,Chava Guzman,435-225-9841,ornare.fusce.mollis@hotmail.net
ATX82PMK1CC,Elliott Mcfarland,229-124-8413,ultrices.vivamus@outlook.couk
JIW11SQD7RK,Zachery Miller,432-496-3780,ante@outlook.org
EQF28BLY6HZ,Emerald Dillard,615-421-5474,condimentum.donec.at@outlook.com
ONC48UWU7WI,Blake Mercado,171-431-6892,nisl@google.net
XML38SLR6GY,Martina Ortiz,333-851-3122,tellus.lorem@outlook.couk
YDO75JJY4WM,Buckminster Boyer,287-324-1620,id@protonmail.ca
WMC47GZP7ZG,Priscilla Guzman,864-565-3639,a.purus@icloud.couk
DQY01ESR0ZA,Daniel Hodges,167-432-0854,rutrum.eu@aol.org
YEG63NQW3GI,Hedwig Beasley,166-366-3744,elementum.at@aol.edu
KAO78JFP1QD,Ramona Hurst,533-236-2184,diam@google.edu
ZJU75XGO1JV,Rhiannon Daugherty,134-594-7497,ultricies.sem@hotmail.couk
WII88PQJ5BX,Nola Carlson,679-043-5472,nec@icloud.com
XLE44TOW2KR,Josephine Perry,723-517-2577,sapien.imperdiet@icloud.org
AGK23UGE4CG,Zachery Ortega,970-860-5478,enim@protonmail.net
IDL52EQN2EG,Galvin Sullivan,997-127-4890,lectus@aol.com
MDV33MER4CS,Suki Contreras,924-297-6782,est@outlook.couk
NIC37QXD6HP,Edward Greer,461-213-6372,at.iaculis@outlook.org
FNT74UOS0ST,Mariam Kent,143-884-2308,nec.malesuada@yahoo.org
CQX38RPP3YU,Wilma Wilkins,383-542-3347,ut.odio@aol.ca
LJU81UST2AW,Quail Ortega,436-443-2392,integer.tincidunt@aol.ca
LVD99RLC0IT,Samuel Maxwell,081-556-2517,duis@outlook.net
FCI58WZN1BM,Mufutau Yates,241-985-2281,habitant.morbi@aol.edu
TWD35WFP1NO,Pamela Conrad,361-586-8048,facilisis.suspendisse@protonmail.net
UDL42NLX1PW,Ali Foster,293-895-7608,auctor.mauris.vel@google.couk
QMK74ZFE1CL,Zephania Quinn,632-968-3393,ultricies@aol.ca
VJS43FWR7BG,Summer Ellison,644-171-5255,ut.aliquam@aol.com
NIL77WIA0YJ,Malachi Patton,458-507-2786,quisque@google.net
QJE85WXE1MU,Breanna Abbott,550-327-3546,hymenaeos.mauris@icloud.com
YKI57XYM8VH,Emily Knight,136-566-5563,interdum.libero.dui@outlook.couk
CNF58PAJ3HY,Reece Valencia,774-845-7489,fusce.feugiat.lorem@icloud.org
LGX17QGF8VQ,Orlando Garcia,821-891-5244,mi.pede.nonummy@google.edu
QSB60WGR8SI,Jacob Stokes,182-308-5148,ipsum.phasellus@hotmail.org
LYR74HRG8MQ,Beck Mooney,344-336-3454,donec@outlook.com
YRY57LWE4OU,Rudyard Clements,752-217-2358,libero@outlook.net
TMP58WQW2IZ,William Oneal,254-645-3232,non.lorem@aol.edu
ASP24DBT5QC,Dalton Winters,531-685-9442,cursus@hotmail.ca
QMA35STW5WE,Tara Estrada,413-625-2127,condimentum.donec.at@hotmail.org
IUD01OSY0KO,Brandon Martin,427-373-9348,ultricies.ligula@hotmail.ca
DAE12IGB2VC,Miranda Collier,865-774-3338,non.vestibulum@protonmail.couk
CFT52DWU2OU,Imani Finley,847-355-7155,a.mi@hotmail.com
HUW64MFS1XL,Roanna Cain,337-483-0431,condimentum.donec.at@google.couk
TSP58KTB8FI,Raymond Koch,530-355-4864,vel.sapien.imperdiet@hotmail.ca
FXY58UTO4XI,Amaya Heath,141-110-5828,cras@outlook.ca
OVA63JAP7HQ,Kay Downs,632-392-3680,laoreet.libero@icloud.couk
GPS79HML5EB,Kane Frazier,663-343-3044,cras.vulputate@outlook.org
TJI12HYQ6ID,Sean Everett,198-184-0589,netus@icloud.org
ZHM21VQK4CU,Zephr Blankenship,093-782-4476,orci.lobortis@outlook.couk
CCB81IZV6WN,Noel Frederick,771-288-7322,placerat.eget@outlook.com
PCG74RLS6PV,Reuben Vinson,398-182-7813,dis.parturient@outlook.edu
HOM39JUG4IY,Buckminster Cook,206-126-3539,proin@icloud.ca
CCX26FOT4WD,Francis Atkinson,645-532-6156,semper.cursus.integer@google.couk
MHM65XUT9RB,Hedwig Bowen,546-376-3895,aliquam.enim@protonmail.org
RAM14TCT3LN,Nevada Grant,234-255-0172,et.libero.proin@protonmail.net
OOF14QZG0BN,Quin Cole,954-713-5483,lorem@google.couk
CEE41SNB1HC,Beck Gamble,516-405-8108,non.dui.nec@yahoo.couk
YCN81LIA9WO,Griffin Madden,934-742-3366,dui@aol.org
UTA43UDG1LB,Slade Workman,587-850-7246,dui.suspendisse.ac@aol.couk
BQF37PFV8WN,Jonah Mendez,648-366-6786,montes.nascetur.ridiculus@aol.com
MST72JSJ3VP,Elton Decker,331-792-8088,integer@aol.edu
TEB15JKY1SJ,Lance Rogers,142-775-7558,parturient.montes@google.edu
NME34HZY3IU,Abra Wallace,250-832-4145,dictum.phasellus.in@icloud.net
UHF41MXC3SD,William Mcmillan,575-138-8454,enim@aol.net
YBD54FCC1RN,Palmer Mathis,037-664-1310,in.felis@hotmail.edu
YCB41FEV4WK,Dustin Osborn,759-866-4924,urna.nullam@icloud.org
KVI83QYZ6ZQ,Igor Levy,258-847-4170,mollis.integer@yahoo.ca
ITS80GHI8SP,Lars Reese,747-078-0244,interdum.ligula@icloud.org
HMI66IQI6DC,Zorita Gregory,688-588-5581,adipiscing.lacus@icloud.org
YXV80IFS2UH,Benedict Stuart,736-027-3945,nonummy.ultricies.ornare@yahoo.edu
GGE74NFJ2RL,Courtney Brooks,782-978-4043,faucibus.id@yahoo.edu
QPY63WKJ9EM,Isabella Hicks,511-047-7457,fringilla.cursus.purus@hotmail.com
ULW86ETY6NT,Maxwell Ayala,835-142-8541,vitae.aliquet.nec@hotmail.net
WYT42PGQ2CH,Wanda Thompson,384-246-8739,fermentum.risus.at@hotmail.org
YFH13MOA0UF,Mona Salas,564-435-3458,in.scelerisque@google.net
WKL81ZUD8PS,September Hudson,016-992-3815,parturient@aol.ca
IPJ38STX4CC,Janna Conway,286-372-3353,integer.sem@yahoo.edu
EUT19LDS4OQ,Ethan Faulkner,103-874-6764,tincidunt@yahoo.org
TRT76MFT6LQ,Neil Zamora,773-792-8702,eu@aol.couk
HBM83BRP7ND,Hayden Rivera,343-097-1016,lacus.mauris@google.com
EHS71IFN4WO,Maya Mccray,106-168-7644,suspendisse.sagittis@hotmail.couk
KIR65JKK8RJ,Brett Nielsen,204-553-7715,bibendum.sed@hotmail.net
KZT48TTP8DB,Grant Shannon,834-344-4340,a@yahoo.com
HMY32DFW2OJ,Regan James,572-672-3069,suspendisse@aol.edu
PUY03BUR9GC,Keaton Booker,223-468-5211,donec.elementum.lorem@outlook.couk
YDE48HSG3VL,Bert Miller,302-745-7512,non@protonmail.org
NFR20EQT8YO,Molly Mcmahon,671-828-6402,senectus.et@icloud.ca
PLX22ISK6FI,Diana Wheeler,252-063-6284,est@protonmail.com
PYY17KPW7RF,Nayda Chandler,573-561-3528,malesuada@icloud.com
FXI87XLU4WI,Nell Cervantes,028-855-8152,a.arcu@hotmail.net
YFJ74EFS0FE,Kevin Travis,522-458-0536,sed.neque.sed@protonmail.net
QQH10OKM5MB,Madison Sellers,535-393-3679,tellus.justo@hotmail.ca
GFJ25TSG2AV,Lavinia Moore,687-187-4102,nulla.interdum@yahoo.couk
LVF69CGK8VS,Chloe Butler,312-802-2127,hendrerit.id@yahoo.com
UMZ11XPC7GP,Sandra Gould,392-363-2539,purus.ac.tellus@hotmail.couk
DJG88HFI8VC,Robert Santana,394-364-4598,ut.molestie.in@icloud.couk
RFH35XVF6RP,Ethan Berg,631-787-6253,urna.justo.faucibus@google.net
MWN77HTC2XP,Chastity Harrell,680-573-6276,sit.amet.lorem@outlook.org
LCR74KXO5TY,Shelly Norris,863-846-0706,interdum.nunc.sollicitudin@hotmail.edu
PPY76LZG4PV,Brynne Doyle,016-419-0129,magna.tellus@hotmail.couk
WDF17LUP4VB,Kirby Fulton,768-365-8254,et@aol.edu
MBD05HNH0BA,Lee Hoover,137-108-5533,nunc@yahoo.com
IIM43AYP5KS,Jerry Mcclure,323-369-7794,sed.eu@hotmail.net
JAJ87GCP5OX,Tatiana Burris,458-877-6378,aliquet.proin@yahoo.edu
LXK52CKT5WX,Sebastian Gutierrez,187-754-8146,eu.placerat@hotmail.edu
MRQ22KSV8LK,Jared Key,244-205-0843,suspendisse.commodo.tincidunt@hotmail.ca
YGJ41XVK2ZJ,Rajah Long,266-226-6582,tempor@google.org
YKJ15HII2OU,Germaine Everett,581-188-7218,per@google.ca
DQY23ISG6QJ,Rooney Kelly,621-661-2975,ut.semper@outlook.edu
SSQ30QMQ3EC,Cynthia Dunn,628-168-1399,nunc@icloud.com
KHQ37BOF0UU,Ivana Lambert,283-456-4872,nunc@outlook.ca
ZJT66PGL9DM,Belle Munoz,819-460-5347,rutrum.non@google.net
VKT24UMC7UP,Yeo Melton,628-740-2566,ultricies.ornare.elit@aol.ca
KYD41HDF2AC,Clio Michael,084-752-6023,a.nunc@hotmail.com
CXG18DRS2FI,Hilda Howell,888-524-4372,vitae.odio.sagittis@hotmail.net
BUB61LLD6HY,Zahir Joyce,255-416-4621,tincidunt.congue.turpis@outlook.edu
JOH01YCA5CS,Germane Franklin,855-657-5641,quis.urna.nunc@hotmail.org
YTV62ONT3NG,Daryl Lucas,457-111-8512,tellus@protonmail.couk
HLO74ITW9CS,Abel Pitts,571-786-2002,velit.cras.lorem@hotmail.couk
GSM74YTT4KI,Judah Hyde,910-112-8044,porttitor.eros@protonmail.com
KBY17VLG4NP,Rhoda Edwards,855-445-6771,ante.dictum.cursus@google.net
WXV48HPA4RH,Yoko Mayer,663-734-3221,interdum@yahoo.couk
EIV87ONY7UK,Vernon Harrell,588-731-4603,taciti@hotmail.couk
DUM43MYX3DM,Jameson Hickman,672-088-4828,ipsum.sodales@google.org
OER49KRQ1EN,Martena Montgomery,054-791-0787,aenean.massa.integer@outlook.com
GEF63QGP6XC,Shelley Norris,289-864-5863,tempus@google.com
BMJ35CLJ3ZJ,Tyrone Hopkins,968-837-1628,leo.cras.vehicula@google.edu
NKQ17YDM0YW,Otto Mooney,233-664-4517,at.auctor@hotmail.edu
CTP89ERL7TR,Aurelia Bright,777-144-0871,accumsan.convallis.ante@hotmail.com
UXX01WIP6UO,Arsenio Owen,669-885-1113,vitae.semper.egestas@hotmail.ca
VVS21PFU7TJ,Sacha Mcdowell,827-614-3357,suspendisse.tristique@outlook.ca
PDP41HMG8GZ,Nero Velasquez,177-366-2469,libero.proin.mi@outlook.ca
TKY61PTW2CF,Thomas Freeman,177-635-8971,nunc.laoreet.lectus@google.org
MTO24CSS9IY,Sacha Cline,665-858-3061,in.scelerisque@outlook.ca
PKW75KEZ9OT,Adrienne Murray,470-894-9117,lacus.quisque@hotmail.couk
DUQ81BBY8TR,Joel Sears,765-063-1016,dictum.proin@protonmail.org
TPX28SJX2IF,Benedict Houston,617-528-7865,vitae@aol.edu
DYT75RTQ7CV,Urielle Little,165-260-5170,ut.erat@protonmail.couk
DLW04CGB8OF,Patricia Rich,116-107-5405,nec.tempus@hotmail.ca
YLJ29CTM1XY,Carolyn Gill,240-460-8845,risus@outlook.org
WXQ26YDC5GV,Simon Pacheco,241-947-1510,dolor.elit.pellentesque@icloud.edu
TSS45AAG7XG,Emerald Figueroa,837-274-1515,diam.sed@yahoo.net
FIJ66VPU7GG,Louis Vazquez,292-335-0569,vitae@outlook.ca
UJC41VRA0NQ,Sydney Walters,527-288-5983,penatibus@outlook.net
TPX28ROB8FM,Emmanuel Valdez,757-759-7094,parturient@hotmail.net
MUC55GRO0AN,Myra Randall,566-313-5748,aliquam.gravida@google.org
SXR49JQI8UN,Paul Watkins,824-266-6171,tellus.sem@google.ca
VUP76JQF2UL,Lucy Bender,363-707-1473,dapibus.rutrum@protonmail.ca
FCD23RJL1HB,Kimberley Castaneda,302-252-3766,odio.sagittis@yahoo.ca
XZL86WMC3BM,Steel Cervantes,136-980-5452,a.odio.semper@icloud.ca
FMJ81NEU7OW,Gray Jacobson,518-338-3659,gravida.nunc@google.org
DBQ63NJG7HE,Ira Donovan,257-752-2347,sit@aol.ca
XCF86NSV7BQ,Erich Hebert,583-756-1023,eget.mollis.lectus@outlook.net
HVG44THB6SR,Debra Lara,314-755-7284,urna@hotmail.net
TOJ85PPK4MV,Jolie Valentine,327-528-6355,suspendisse.non.leo@icloud.ca
GMB67WLQ7TU,Myles Suarez,473-516-2608,feugiat.metus@yahoo.edu
UVZ48IAK2BP,Vincent White,688-544-8221,nec@aol.net
BZI87BFV6HP,Medge Austin,197-163-1645,iaculis.lacus@google.edu
MLX55XVY6VP,Kuame Jones,751-618-2388,sagittis@yahoo.org
CJQ12AVC1TO,Tucker Lucas,702-336-1948,quis.tristique@yahoo.org
PCW42DXS6FR,Suki Ross,136-891-7857,volutpat@hotmail.couk
GSJ62UKR6UD,Castor Brady,292-937-1447,fusce@aol.ca
XBH02LVE5OW,Kiara Grimes,164-262-5487,penatibus@icloud.edu
LSR99BMB3RK,Price Wolf,389-629-3851,integer.eu.lacus@hotmail.com
LOP16JJH9SU,Jaquelyn Ferrell,981-463-8095,rhoncus.proin.nisl@protonmail.couk
OPT41BBB2GD,Connor Mcpherson,718-513-2736,in.at.pede@icloud.ca
CWM11BHY7XJ,Penelope Willis,170-123-7129,quis.accumsan@outlook.org
STK12NJI5TR,Cassady Pierce,554-346-8746,convallis.dolor@aol.ca
JQT23SMM1RM,Hilel Booth,415-137-3520,vulputate.nisi@aol.com
QLH80CRY6KE,Jacob Harmon,335-591-9024,ligula.aliquam.erat@google.com
PIM87FEW1OL,Carolyn Mills,638-718-6912,mauris.vel@aol.couk
BLD52FQX8OP,Gabriel Figueroa,827-061-4265,consequat.auctor.nunc@icloud.ca
JUR16EOJ0DB,Igor Sherman,533-135-5181,nulla.aliquet@icloud.couk
IPY77VXO4DT,Colette Cain,155-746-8509,amet.metus.aliquam@icloud.edu
BPS84BZU7XI,Hollee Jordan,074-749-4531,vitae.nibh.donec@google.org
FJR71TUL8PP,Isadora Diaz,137-632-1876,accumsan.interdum@icloud.edu
VYJ50MPL3MX,Gregory Reilly,013-604-6301,eu.erat@google.couk
CGO49UEV2NL,Shaeleigh Malone,547-447-5416,pede.suspendisse@aol.couk
ZBU72VRC1AS,Matthew Daniels,577-386-5418,vitae.aliquet@yahoo.org
ZSC88JBZ2BB,Uriel George,923-258-4204,varius@yahoo.edu
SWX80WZA0OV,Kessie Spears,226-318-4218,aliquet.sem.ut@hotmail.ca
DNA16XGU2DM,Logan Barker,241-693-3665,ut.ipsum@icloud.edu
XYN71YCY5VG,Tiger Moss,250-997-6089,nonummy.ultricies@outlook.couk
OEO86JBR3SQ,Gillian Davenport,899-483-1640,mi.tempor@google.couk
RKU92GVU1RQ,Ethan Pope,753-286-8764,vulputate.posuere.vulputate@outlook.com
UNQ71NNM8EZ,Arsenio Hudson,077-353-1448,dolor.fusce.mi@hotmail.edu
QFZ33PQS3SK,Barbara Harmon,166-342-8651,urna.justo@aol.ca
UFJ57ECE8GU,Zeph Griffin,212-271-1334,non.lorem@google.org
GYX65ZBB9OW,Risa Baird,480-413-8370,pharetra.nam@protonmail.edu
PYM77SCH7JR,Clinton Ford,776-754-7951,justo.praesent@google.org
HHP62BIE8SY,Iliana Hess,952-969-8235,a.purus@protonmail.org
BFJ31THK4JC,Edan William,680-655-2163,dignissim.magna@protonmail.net
KOK43OXW1HS,Hamilton Evans,884-425-6896,cubilia.curae@hotmail.org
HHH02LCU8FN,Mufutau Vance,126-112-2671,ante.blandit@yahoo.couk
BHT51DWJ5LB,Quintessa Moses,342-728-8967,dolor.dapibus.gravida@hotmail.ca
ZSQ17VPF1GX,MacKenzie Hardin,228-324-9555,a.neque@icloud.org
SHG24OTX0KB,Marvin Roberson,711-723-1762,diam@hotmail.com
EVL41EIR5NL,Gwendolyn Humphrey,111-556-6634,luctus@protonmail.ca
BRG72UIS6RV,Rylee Castro,697-298-1621,donec.egestas@hotmail.edu
CNH87GEN6YI,Hiram Cortez,717-328-8323,dignissim.magna.a@outlook.org
DMP10WBV4OO,Doris Buckner,705-548-5754,sit@aol.net
LUY35TTB2FD,Rhea Brennan,182-655-6444,ipsum@yahoo.couk
WKW18GOV1ME,Dane Berger,731-512-1859,vitae.mauris.sit@yahoo.org
MPA11RDG2UU,Nero Hancock,024-680-3649,euismod.ac@yahoo.ca
AJQ51EZW5XG,Joseph Molina,750-967-8588,quisque.varius@hotmail.ca
EDG24ZBN8IG,Hyatt Morrison,858-566-0375,condimentum@outlook.edu
JSU65SQP5VD,Wing Burnett,344-130-9418,luctus.felis@protonmail.net
BKN43SDL6DY,Sara Velazquez,887-088-8632,pede@aol.com
EUP65GSU4EE,Elton Hicks,426-964-7006,sed.nec@aol.ca
ZDR28DOH3DU,Jillian Clarke,299-549-0219,eleifend.cras.sed@protonmail.net
FHU44WPE5WX,Mia Lambert,421-128-3564,luctus.et@icloud.net
DMB56FKJ5UD,Bo Rasmussen,337-433-7884,ut@protonmail.net
BKS87FQO4ST,Aileen Mcclure,505-454-0368,elit.aliquam@hotmail.net
UKA65UJZ9JI,Berk Strong,436-848-5542,non.egestas.a@outlook.edu
HOS82TNE5UP,Dale Morales,168-435-2286,eu.euismod@outlook.com
KLU25ZFX3LR,Alyssa Hayden,876-686-8886,pharetra.nam@google.org
DUC13JMS3UY,Wylie Robinson,565-972-3382,porttitor.scelerisque.neque@aol.org
GPS15FCD4TV,Cain Pitts,824-782-7367,cras.pellentesque@aol.ca
OXZ16NBC8VX,Thomas Eaton,515-702-2652,cum.sociis@icloud.edu
WMA71SPQ7CS,Hector Hutchinson,162-282-7665,at.pede.cras@icloud.edu
SNX24QXH5YW,Nero O'Neill,726-353-6872,nisl@aol.net
DBR68WOD5WG,Yasir Larson,282-586-9154,facilisis.vitae.orci@yahoo.couk
TGR51GYH1ZL,Signe Hopkins,386-775-1818,vel@aol.edu
EPM96IWB7GC,Forrest Donovan,283-924-2663,urna.et@aol.couk
LYH55KUE3VS,Montana Mathews,302-676-8974,sit.amet@aol.com
KIG94FIB8UU,Hakeem Stein,146-178-9670,donec.fringilla@hotmail.couk
NSD48ZXW6SZ,Alice Hunt,080-656-1809,vulputate@icloud.ca
HWO33EEQ7EY,Amena Shields,855-019-8796,fusce@google.couk
MCL16WHU7XE,Odysseus Everett,724-763-3453,dolor.fusce@icloud.net
LWV53NYD3JE,Germane Green,579-253-2778,risus.nunc@icloud.org
EZH93OJH8TO,Dalton Hurley,239-447-9425,interdum@icloud.couk
UVX25RMP2PX,Aurora Kidd,472-906-2611,lectus@protonmail.ca
OSO80BMO8KJ,Knox Carver,348-375-8341,pellentesque.tincidunt@outlook.ca
VYL68DJP6BV,Marsden Vasquez,343-238-3807,penatibus@protonmail.edu
MQP63YPD2UT,Kevyn Contreras,141-742-7446,in.lobortis@protonmail.couk
LJL57MBM5PT,Hunter Wade,352-275-9389,felis@yahoo.edu
UJE99WJJ8IF,Cooper Schultz,222-612-7727,ut.pharetra@google.com
MRM76MFC1UE,Nissim Lamb,731-372-0803,sed.eu@icloud.couk
EWH45IVL8DI,Wang Richard,248-798-3855,aliquam.tincidunt.nunc@aol.com
DZS71GJX8JG,Hyatt Barron,810-311-8432,eu.arcu.morbi@hotmail.ca
POC56FBT9GX,Trevor O'Neill,344-068-2745,etiam.laoreet@outlook.net
PIO10CMT1SY,Dylan Chaney,425-566-5872,aliquam@protonmail.edu
RGB52TJR2FK,Lawrence Hines,836-121-1811,sed@aol.net
ZAF48NYD2UX,Hop Tyson,366-615-5179,morbi.neque@yahoo.edu
UFI10DCD2HF,George Greene,965-316-6524,in@aol.net
SBO25WVN0EX,Hyatt Underwood,468-682-2862,ac@protonmail.org
SCV36EBP4OD,Felix Carson,031-345-5827,tortor.nunc@hotmail.couk
QPS76VUI4SV,Chaney Sears,454-701-3659,lacus.aliquam.rutrum@outlook.com
ZMU88SOG2YZ,Debra Washington,601-708-0456,a@outlook.couk
XPO95MLZ3QW,Mercedes Ramsey,742-213-0072,sed.facilisis@hotmail.ca
QYQ67KDR7RL,Dalton Mullen,172-086-6646,eu@yahoo.ca
MFL12JBC2JV,Nita Cox,106-516-2161,cum.sociis.natoque@icloud.couk
CIW87AJT4TW,Bertha Travis,164-388-2115,cras.eget@outlook.com
GPB62OIR8CP,Omar Mcfarland,301-818-3264,semper.auctor@aol.com
NLM74BFK8GO,Brody Burgess,377-676-0161,duis.mi.enim@outlook.org
LXX43UAL2GM,Elmo Brewer,488-511-7333,vivamus.sit.amet@protonmail.edu
GXB43YWO8OW,Mufutau Sampson,523-736-7875,ultricies.ligula@outlook.org
GGS72QCB4SC,Briar Hooper,582-901-1587,massa@google.ca
DFQ49QWG8CM,Maisie Small,611-987-0885,sem.vitae@hotmail.net
QLW98CDH5CU,Alexandra Valentine,899-531-4229,nunc@icloud.net
MAM82SPS1FX,Jorden Holcomb,153-353-2286,non.massa@google.ca
OPW29XAW3OD,Elizabeth David,713-770-5822,nunc.ac@google.edu
UKH52YBK8RB,Wylie Coleman,484-703-8024,nec@hotmail.org
DPT77APL8AV,Ferdinand Norris,535-015-6293,velit.justo.nec@hotmail.couk
TPB61QOD2BL,Tanek Gutierrez,680-915-5853,ac.feugiat@icloud.net
TDH49ZCG6QJ,Imogene Carson,263-755-8251,nunc@aol.edu
DMA07LMB1YR,Graiden Palmer,366-658-6883,elit.curabitur.sed@yahoo.com
IKR84KWM5VD,Maisie Green,537-845-1477,sit.amet@hotmail.ca
ZTK61UOC1YD,Channing Allison,322-121-8386,vestibulum@hotmail.net
ZJX80YLM8RY,Georgia Underwood,264-738-2412,mi.enim.condimentum@google.com
DIA72CTX8XS,Elizabeth Moss,855-365-7229,a@aol.edu
CIK43FXE3JH,Orli Donaldson,551-238-9433,tempor@google.net
DRQ13TME6HF,Kamal Petty,394-243-8341,malesuada@outlook.ca
QAW57CMJ7NJ,Nita Pratt,762-858-2278,vel.vulputate@google.ca
KWJ32RBB1TW,Julie Anthony,549-222-6831,dolor.sit.amet@icloud.edu
SNE55VQJ3GR,Adam Jacobs,754-436-4614,eget.venenatis@google.net
MUX69ETC7VA,Raymond Byers,961-296-2105,ornare.sagittis@protonmail.couk
GEO13EVJ4IN,Zeus Osborn,114-109-0833,non.lobortis.quis@aol.couk
YTW75OGH2RU,Adrienne Dennis,648-932-7837,turpis.vitae.purus@protonmail.org
RUO88ZSW3YO,Hedda Kaufman,882-267-7374,feugiat.metus@outlook.edu
QFM89UBP4XG,Kareem Huff,116-538-2196,quam@protonmail.net
IDX34FDY5WI,Irma Morrison,368-683-3240,nisl.quisque@aol.edu
LLI30GPQ3GD,Elijah Cotton,118-127-4234,mollis@yahoo.couk
FPD48EYM7MF,Alexander Maddox,534-397-7546,ipsum.primis@google.edu
DGZ57ZPB5DG,Donna Huber,844-816-7557,risus.nunc.ac@protonmail.com
KFX51XKN1NV,Ruby Torres,538-007-4320,quisque@outlook.com
ONY20KNU3NZ,Leroy Lester,514-659-1313,nibh.quisque@icloud.ca
IRT11UQV6CC,Darryl Hines,732-351-2761,diam@outlook.edu
ZYJ10HFL8VT,Sara Hurley,679-756-1134,odio.tristique@outlook.com
TIT92HFF3GG,Hyacinth Solomon,148-390-0183,lobortis.class@icloud.com
OYQ43GEH8SK,Blake Grant,368-365-4653,sem.egestas.blandit@yahoo.net
NOW24UII6YK,Dominic Wise,393-644-4892,orci@outlook.com
MRW40SEI7TN,Kato Preston,311-317-1833,adipiscing.ligula@google.net
XNP14CIH1FD,Nadine Wolfe,468-571-1488,lacus.ut@google.org
OEX71WVF9NX,Cleo Hatfield,582-751-3417,iaculis.quis@protonmail.couk
QVG75UMO8LJ,Ulysses Ball,261-371-6767,ac@icloud.ca
GPP74AZE9WW,Griffith Brewer,536-558-1355,massa.quisque@aol.edu
UAN61XPR5JD,Warren Prince,144-233-1394,vel@aol.net
LGD09YQE7MD,Eugenia Harrell,351-565-2571,nunc@aol.net
OPU35YRI5HC,Jana Vang,272-826-7353,nec.tellus@outlook.couk
SUV12IQA6EW,Elliott Ratliff,714-771-5879,senectus.et@outlook.org
IYC23KIL0CK,Kelly Owen,337-912-4242,dolor@protonmail.org
AOT10PCJ4WX,Rudyard Henderson,646-731-8375,risus.donec.egestas@aol.ca
MMZ38EFJ5LY,Paloma Salinas,495-659-5366,sollicitudin.commodo.ipsum@icloud.net
IEW91CTE9TB,Echo Franco,186-586-5314,urna@protonmail.ca
REK17GEY2WK,Ali Gibbs,026-633-1582,tellus.faucibus@yahoo.net
QZI74KGY7MY,Kalia Anthony,485-313-2425,at.fringilla@google.ca
JNE50PKO8BP,Hamilton Pickett,251-285-8930,laoreet@icloud.edu
GJI23IPS2ED,Ciara Valencia,246-648-3876,nisl@protonmail.org
IVH35TKY3TL,Chancellor Sexton,344-655-4774,in.aliquet@aol.ca
HLH85LOW0TZ,Christen Herrera,864-183-7567,ac.facilisis.facilisis@yahoo.com
WNZ29EEW7NB,Abra Olsen,426-386-7744,lorem.donec@yahoo.edu
JSE62EPL6BT,Tara Williamson,438-870-0488,fringilla.mi.lacinia@protonmail.edu
TPJ58ZVV0QC,Carly Mcdonald,781-218-2858,aliquam.gravida@google.net
XNI22NCB3CX,Ima Velasquez,337-639-2745,pharetra.quisque@hotmail.org
GWM38CGP6WJ,Kathleen Weeks,152-723-3476,eget.mollis.lectus@aol.couk
DSD11ULS3WW,Thomas Foreman,958-436-4353,velit.in.aliquet@hotmail.couk
WUN33OJS8AN,Madison Hull,537-414-5787,enim.condimentum@aol.couk
CIU74SWE8SK,Brielle Dyer,011-724-5751,nunc.ac@aol.couk
FMQ88GTO9RP,Desiree Larson,871-088-2482,non.dui@aol.com
KBE81RTU1MP,Jamal Mclean,951-383-8202,dictum.proin.eget@outlook.com
ABP85QPT6CU,Zelda Hudson,161-950-0265,mauris.ut@yahoo.com
HJD53PNE5HV,Timothy Joyce,462-574-7926,ultrices.posuere@icloud.edu
QCK74NBJ6MU,Wing Hancock,201-925-2745,praesent.eu@outlook.ca
NGM96MMQ2HE,Odysseus Mason,662-392-3495,proin.sed@yahoo.com
GER19SEV7GN,Savannah Shaw,010-842-4941,vel.arcu.curabitur@protonmail.edu
OLT75FRQ5IO,Teagan Vaughan,481-964-7224,nunc.laoreet@protonmail.org
DOL57KVY6RH,Madaline Jennings,746-394-7711,sapien.cras.dolor@yahoo.couk
UIU54FWR7OI,Marshall Henderson,794-528-6446,pretium.aliquet@hotmail.com
KEL23FQL3QX,Akeem Blake,490-536-7914,egestas.duis@google.org
UCU77DVS1NS,Asher Gould,388-739-0557,integer.eu@outlook.net
CGS18NYL0WF,Xena Thomas,343-608-2454,torquent@aol.couk
SJO14IKF7SL,Linda Whitehead,441-340-1643,aliquet@hotmail.com
IEC67EEC5PW,Tyrone Wooten,029-482-1370,id.mollis@protonmail.couk
IEY51KNK2JJ,Shelley Quinn,665-871-6025,eget.ipsum@yahoo.edu
EFN82LRB4UT,Sage Bowen,424-512-6748,nec.mollis.vitae@outlook.org
KYU56PSA4WY,Lani Wheeler,595-276-5007,sed@google.ca
KPY15WKT4EC,Cairo Solis,519-295-2783,ligula.donec.luctus@icloud.edu
KFO63HBN5GT,Suki Mccullough,236-480-3207,gravida@google.ca
GTJ40GRZ6WE,Tatiana Greer,480-780-8214,mi.lacinia.mattis@outlook.edu
VIG88SOE2MB,Sacha Hayden,544-226-3494,donec.fringilla@icloud.com
ODE38IKX8GK,Carolyn Harmon,867-448-5348,imperdiet.non@protonmail.couk
UCE07LXB2IL,Lareina Frye,537-841-7388,pede.cum@protonmail.edu
UEE88EAL9OI,Malik Moody,824-765-0803,non.luctus@protonmail.ca
HXC50QLX0IR,August Banks,268-362-2361,quis@aol.org
UTL95BDR4OK,Hamish Branch,861-876-1812,placerat.cras.dictum@yahoo.couk
LWT81LNU7SQ,Kylan Guthrie,683-546-4794,ultrices.mauris@hotmail.ca
PUZ01MVQ3VQ,India Myers,783-449-7028,amet@outlook.edu
EPA24EGY7PG,Charissa Cash,860-515-4554,penatibus.et@icloud.net
TTH30FJQ4UH,Scott Michael,155-457-2227,orci.quis@google.net
IDL86PYX4PT,Penelope Ortiz,801-062-5486,duis.ac@icloud.couk
KEW52QTT1LW,Kylie Hawkins,013-422-7603,pede@aol.couk
UBV36LDR8XI,Kylee Bolton,132-027-2342,et.rutrum@protonmail.edu
PAM51BOM4PV,Megan Drake,222-135-3272,cubilia.curae@protonmail.net
WGY39PDD5XK,Renee Nichols,743-483-2229,enim.mauris@google.couk
CXK37KLG9KR,Baker Rivers,742-331-6024,aliquam@google.com
MSS03KQE4ND,Erasmus Jackson,611-571-1359,a@google.com
EFJ61KCF2LT,Dean Dunlap,237-522-7686,lobortis.quam.a@outlook.org
XCY01ZMH6FB,Shea Calhoun,142-655-9743,aliquam.enim.nec@google.com
VBS56ECY0JI,Abigail Winters,306-916-9729,mi.tempor@google.ca
GXJ56XUH5CZ,Xenos Langley,018-114-2068,quisque.fringilla.euismod@yahoo.com
MYX81YTV5BV,Walker Harrison,428-853-7321,turpis.nulla@outlook.couk
UGF02MSW4KZ,Ciara Brewer,497-366-8188,donec.egestas@outlook.org
CSU41XYL7HV,Madaline Lynn,446-567-4288,commodo@yahoo.org
AFP33KRY5BI,Ray Kennedy,444-848-1674,a.odio@icloud.couk
CYG15NSD5KG,Steel Medina,551-388-1945,cursus@google.edu
JDQ37TLB7LT,Coby Shepard,726-941-8266,vel.arcu.curabitur@icloud.net
EOJ43OMR6GY,Janna Horne,564-178-9926,curabitur.vel@yahoo.edu
WTE86QWG4PU,Marshall Juarez,037-164-6122,mauris.eu@hotmail.ca
PZB41IXO5QL,Tucker Beard,731-588-5094,egestas@aol.org
RDI29ROC7MS,Scarlett Cobb,173-329-2037,nunc@aol.net
NKG25DRQ8FT,Neve Romero,064-673-8142,lobortis.quam.a@google.com
CHY23PBG7NG,Tarik Wagner,923-767-1304,taciti.sociosqu@yahoo.com
OCI85SDC1QC,Gisela Burt,603-882-7653,mus@yahoo.ca
IWL62ZNI1YG,Patricia Holland,335-965-6937,vitae.aliquam.eros@yahoo.edu
TYY46ERD5SI,Randall Dawson,546-006-9678,maecenas.mi@hotmail.couk
SKO46PCS3RD,Cameron Johnston,283-875-1803,lorem.ut@aol.couk
XFE67BTM7RN,Jaden Briggs,316-381-8110,arcu.et@yahoo.ca
FLE07YTQ7CJ,Kelsey Talley,546-115-1514,urna.et@hotmail.com
QWJ47OFZ2JG,Hop Patel,586-173-8937,libero.mauris@protonmail.org
HDN08CCR2VK,Ebony Charles,246-149-5802,nec.urna@google.net
YSQ15ADJ1EK,Joshua Kidd,845-745-6656,scelerisque.scelerisque.dui@google.com
RME27FMR6ES,Kirsten Figueroa,809-172-9372,mauris@yahoo.com
CDP16RFY0IW,Leroy Floyd,568-136-2576,ullamcorper.eu@icloud.couk
LFE58OMN2XW,Gwendolyn Callahan,521-356-7762,eros.proin.ultrices@aol.edu
KXH65RID8VW,Lyle Rogers,302-444-5660,nec.imperdiet@hotmail.ca
EJE09CZJ8EZ,Michael Fowler,766-461-1334,ac.mattis@yahoo.com
RXF47OPO2WT,Arthur Diaz,848-226-2300,phasellus.dolor.elit@hotmail.org
RBX42UKX3DF,Rinah Stevenson,652-660-5741,nulla.ante@protonmail.org
KOM43JUY4LG,Caryn Watkins,461-814-8556,sociis.natoque@protonmail.edu
FHB89HHJ3WQ,Ralph Knox,439-353-6758,mi.aliquam@outlook.couk
FTC26IDW5FS,Miriam Erickson,784-256-0622,ut.odio@hotmail.net
CKO93MNB1RV,Cynthia Mcdonald,315-159-5301,at.iaculis.quis@yahoo.net
RLM86CHG0HD,Steven Howe,428-624-4720,ornare.fusce@protonmail.org
EPU16DUC6SL,Colby Spears,704-832-7735,eu.erat.semper@outlook.com
PSQ69UJT6IN,Denton Collier,696-620-9433,ipsum.suspendisse@outlook.org
HDO67HAV2TO,Galena Alvarado,160-350-9271,purus.mauris@icloud.org
NFH51ACG1JR,Chancellor Harvey,388-056-8954,vel.sapien.imperdiet@icloud.ca
GVC54PWY4NP,Farrah Waller,337-364-2837,sed@outlook.edu
ELF82ZEB6VN,Maxine Durham,463-185-2814,laoreet.posuere.enim@protonmail.net
JDG34JEU7XO,Mercedes Stuart,044-343-2658,sit.amet.faucibus@google.ca
QGX61OAZ6KJ,Alan Graves,311-502-7892,tincidunt.tempus@hotmail.net
DSM57PNI1RT,Mariko Holman,184-666-1613,sapien.nunc@protonmail.edu
IEO22BKJ4XD,Kevin Bernard,614-678-2522,id.erat.etiam@google.couk
UDK18BQP7IN,Martha Petersen,147-528-5341,dictum.eleifend@protonmail.couk
LMR73ILO7WH,Cora Mckay,844-756-6906,nonummy.ultricies.ornare@protonmail.net
XDP10BBW4VB,Jasper Barrett,247-195-6052,ullamcorper.viverra@hotmail.couk
OHI48WJN9SX,Dalton Knox,862-021-8738,et.ipsum@google.org
GMF87TXO4JF,Sean Reilly,560-345-8498,aliquet.lobortis.nisi@icloud.org
VHO41GPV2TB,Arthur Avery,763-719-2951,non.hendrerit@hotmail.net
SRW65VIA3DK,Barry Malone,255-285-0827,tincidunt.donec@outlook.edu
AVY52KQO0BI,Tiger Manning,135-896-1747,non.enim.mauris@aol.edu
EAE73GIL1WM,Marshall Fuller,171-473-3649,laoreet.ipsum.curabitur@protonmail.org
KXJ10EWM5LV,Raymond Bonner,788-351-0016,lorem@yahoo.ca
BGT61CCP7IE,Barclay Hanson,789-664-3417,nec.ligula@protonmail.org
XPV16BHO2ZM,Imani Griffin,888-283-8782,tristique.senectus@yahoo.ca
XAC72UAT9RV,Ella Ray,715-531-8520,gravida.sagittis@google.org
RFI12UNB1KK,Germane Mercer,019-814-7123,primis.in@icloud.edu
WOA06LQV1OS,Conan Maddox,330-578-2863,pretium@icloud.edu
YNK78QVE4MN,Ruby Pugh,225-737-5959,diam.luctus@protonmail.net
HQL23IRU8WQ,Zane Mullen,399-442-0515,tincidunt@yahoo.couk
SFV55QLI7YQ,Caleb Gregory,396-315-6643,erat@protonmail.edu
HEO16GNK6CY,Camille Kelly,877-086-6145,sit.amet@outlook.ca
PNX12HYX4RE,Violet Decker,692-578-8239,blandit.mattis.cras@outlook.com
YLB23DDT5UF,Maggie Larson,883-337-3582,ante@hotmail.org
VXQ51VKM6MA,Gay Miranda,351-685-9358,ut.lacus@yahoo.org
KGC49SOP1ZV,Meghan Ramsey,113-356-4881,nunc.ut.erat@protonmail.edu
ZKO92EZK9EB,Delilah Charles,092-328-4031,semper.erat@outlook.couk
UUU48SNZ1JQ,Odessa Hogan,220-074-8563,sed.est.nunc@protonmail.com
JWS32OLY2MJ,Rhea Bowers,520-473-7136,mollis@yahoo.org
SJF76LFV3WH,Robert Kramer,264-866-1187,non.sapien.molestie@aol.net
NGD62IMU4DT,Zelenia Garrison,684-614-3335,varius.ultrices.mauris@icloud.org
CDP82PZP5VV,Lynn Buckley,597-658-3757,nibh.quisque@google.edu
DDD43MJY7LL,Laith Davidson,566-762-1796,tempor@google.edu
ZRK10DUI8QC,Wanda Snider,643-550-7435,senectus.et.netus@hotmail.couk
LTW54PWS7YG,Edward Curtis,263-904-3772,elit.nulla@hotmail.org
OFK31KJO4JW,Hyacinth Elliott,682-524-2213,et.commodo.at@hotmail.org
QBV56YDX6UW,Reese Hess,568-927-1718,morbi.non@icloud.com
LYJ12THT1EW,Abraham Dale,334-516-7168,nisi.aenean.eget@yahoo.com
NLW43MRR1FL,Nomlanga Hinton,153-631-3712,feugiat.nec@aol.couk
KRA47LIO0VO,Troy Guerrero,180-340-4623,praesent.interdum@google.net
WSP47KTM6QV,Griffin Delgado,822-871-8537,vestibulum.mauris@aol.com
ESV50MCP4BP,Indira Cash,534-948-5126,maecenas.malesuada.fringilla@outlook.ca
IPW61ZOH5WH,Tasha Waller,820-126-3412,lorem@icloud.ca
OEG12ZRB8KW,Kellie Sloan,637-276-2866,felis.ullamcorper@outlook.couk
HPR56GXT5JI,Maite Phillips,601-817-9284,mi.ac@hotmail.org
WBJ44YUA8QT,Colton Keller,434-738-3323,neque@yahoo.edu
FQE26CEZ1AV,Shea Mullins,156-781-6001,pellentesque.massa@icloud.couk
HWE62IYS8SI,Suki Pollard,178-724-0785,dignissim.maecenas@protonmail.edu
XFP44NUI6PT,Stewart Leon,407-324-8143,at@yahoo.couk
FOY37JDD8IU,Ivory Sims,515-187-5800,cras.lorem@protonmail.couk
LPJ15LNV8VO,Julian Salinas,422-538-5236,nulla.facilisi.sed@icloud.org
EUL85OGM9XB,Lucian Ray,682-706-8547,sem.egestas@aol.com
WUL42XKI3VF,Jin Leach,373-258-1251,at.lacus@protonmail.edu
JIX00BUN4YJ,Gillian Boyd,452-611-0863,quam.dignissim@hotmail.couk
OYN27JKV6QS,Mariam O'connor,893-366-5122,sit.amet@outlook.com
UKO69RDC2KZ,Zane Duffy,345-247-3486,orci.quis.lectus@aol.edu
KZJ27UGI3HX,Brett Villarreal,385-814-4175,non.hendrerit.id@icloud.couk
OGE25ELI4HS,Gannon Mccray,131-392-1144,lacus.varius@hotmail.ca
RJP05BHK3SM,MacKenzie Morris,185-661-5554,aliquet.metus@outlook.ca
KVD72TAG2OC,Jorden Mckay,851-179-7198,facilisis.suspendisse@aol.couk
MGV16CSV9RR,Davis Rose,613-107-7082,tempor.est@outlook.com
WEW76PFG5TB,Fletcher Harmon,416-342-4628,nunc@outlook.net
CCM11GPO4XC,Nathaniel Fry,278-412-5248,nonummy@hotmail.net
ODF41FXE3VU,Chastity Stout,731-072-5841,nullam.enim@outlook.org
RRF51JWM7VS,Lacey Preston,223-585-1985,quisque.porttitor@protonmail.ca
WIN40YTL4FM,Felicia Cole,587-714-5389,lorem@aol.net
JGX45OWF3BG,Emma Coleman,382-882-7311,non@aol.com
UJM95DFW1XE,Lee Butler,515-554-6477,neque@outlook.com
CNK52LOJ7GG,Tanek Booker,467-423-6063,non.egestas@aol.edu
FJR06CXH2TS,Aline Weiss,122-251-6038,lacinia.at@aol.ca
IOU47NNV7KW,Eaton Mayer,125-118-5081,at@yahoo.net
GPW12CAJ4VP,Freya Ferguson,708-592-2851,odio@google.couk
UKF22XTK6IJ,Illana Duke,841-361-1227,dui@icloud.net
VHO76EJG1DK,Raphael Baxter,658-858-7334,elit.etiam@protonmail.ca
ICG87SCS2NG,Marsden Gray,994-516-3653,ut@google.org
VRT61YHY1EY,Rhona Jefferson,885-491-3200,dictum.cursus@google.org
TPI92CGH0EU,Harrison Cooley,406-527-1012,pede.malesuada@aol.ca
OHL77XRI3OV,Quinn Pickett,251-631-1412,commodo@hotmail.ca
KFS22KZO2TT,Chancellor Murray,977-089-2267,inceptos@outlook.net
NMM75HSI7IE,Jorden House,120-441-8487,ac.facilisis.facilisis@outlook.net
ODN55HGB8RV,Ashton Stark,417-685-2777,lacus.quisque.imperdiet@yahoo.ca
FDR35DXH9VE,Jaquelyn Villarreal,525-672-7466,nam@aol.ca
SHM32HXC7PX,Lucius Martin,261-234-1498,ultrices.posuere.cubilia@yahoo.org
TVN14EQH1KY,Ira Atkinson,664-777-3854,neque.pellentesque.massa@google.ca
OFR66EKR7UF,Hammett Baldwin,927-159-2818,luctus.ut@protonmail.net
PBN38HUE3ET,Giacomo Ball,286-135-1157,risus.nunc.ac@protonmail.net
UJX51PVY5JC,Ainsley Lambert,223-050-7719,nibh@outlook.couk
LYP62EML1QJ,Heather Brock,361-359-8361,parturient.montes@icloud.com
GQF14LHK6CU,Logan Wilson,342-723-9566,faucibus.morbi@aol.net
KZB45YOI5VS,Addison Wise,169-532-1616,enim.non@icloud.com
UQO15XXL3XL,Daria Noel,562-457-8515,vehicula.aliquet.libero@outlook.net
IKM69FWD7VF,Raymond Cash,243-496-2555,neque.morbi@hotmail.net
JXU72VKO8JP,Reese Nielsen,211-844-1294,dis.parturient@google.edu
LUB01DDC6SD,Libby Adkins,875-866-6935,cras.eget@hotmail.ca
TYH57VWX0HE,Drake Brock,604-720-3160,elementum.purus@google.ca
QDP75TYB7VE,Austin Ferguson,383-165-1875,rutrum.fusce.dolor@icloud.ca
ELW59BNZ4IS,Ezekiel Townsend,137-620-7542,odio.nam@outlook.com
BHU56HXS9LT,Cruz Albert,745-154-0322,dignissim.maecenas@outlook.net
WUV58OCH8XW,Quemby Dunlap,156-217-1280,nam@aol.net
GUN75MUY0NY,Kane Charles,364-162-4571,magna.duis.dignissim@hotmail.edu
ZNN57LIR7SN,Geraldine Wolfe,617-662-4582,pellentesque.sed@google.couk
TPO04SVX6PQ,Myles Palmer,751-744-7883,metus@protonmail.edu
SCR67ONF5GH,Laith Gill,497-121-2388,maecenas.libero@outlook.net
QPX54RDQ4ZV,MacKenzie Gould,348-541-9104,nullam.scelerisque.neque@outlook.edu
PBX22PWQ4PY,Brittany Monroe,701-825-6512,nulla.interdum@aol.edu
DRD94UUC2VD,Stacey Rosales,567-056-1573,sit.amet@protonmail.ca
PJM70DCH0YW,Diana Gillespie,016-571-4825,sed@aol.com
BER11QYK2II,Josiah Mayo,162-898-1146,egestas.urna@hotmail.ca
UFP21YNH2GC,Leah Chambers,514-343-4747,fusce.mollis@aol.couk
TGK35YNT9ST,Melvin Head,545-283-4887,malesuada.malesuada@hotmail.org
QTF51BQE4CG,Germaine Delaney,247-111-2458,pellentesque.habitant@yahoo.net
JUC77NLR5VV,Belle Garner,359-567-4214,non.ante@protonmail.com
QRE44ILH8HY,Acton Parker,742-327-3147,lorem.ipsum@protonmail.net
UKV81QZG6IX,Hadassah Ramsey,693-422-1340,amet@hotmail.org
OQD77EOX7XS,Vladimir Barrera,911-284-2193,ut.pellentesque.eget@icloud.couk
CRC56BTX1EF,Kennan Steele,411-166-2732,tristique@outlook.couk
OFH91LFU1XP,Ulla Murphy,372-822-9342,arcu.vestibulum@protonmail.edu
MWN49JCJ7TZ,Erasmus Tran,928-344-4887,dolor.sit@hotmail.org
LUT68EGM4IY,Ali Banks,586-471-6171,gravida.sit@google.edu
IHV20QVK6HS,Alea Murray,625-177-7585,vitae.aliquet@hotmail.couk
WFP78LGR6GX,Harding Castaneda,544-767-2781,non.egestas.a@protonmail.com
JTL19PHD1KK,Audra Knapp,960-248-8542,malesuada.fringilla@outlook.couk
SYQ41GTZ7XG,Hilda Griffith,574-373-1406,congue.in@google.ca
BGX58HPO8OT,Suki Lawrence,521-838-1519,lorem.vitae@yahoo.org
FHQ60LLE3XI,Callie Clark,732-344-6011,blandit@protonmail.ca
EOF83KGY1UO,Nigel Melton,676-359-0943,id@google.net
NLX63RMC7PN,Angela Leonard,114-486-7121,non.lacinia@icloud.org
VUM33XLR6SI,Noah Burgess,961-087-7113,consectetuer.adipiscing@yahoo.ca
PGM46HRE4VL,Francis Lopez,578-757-9728,luctus.sit@hotmail.org
CBX70CNU7OY,Roanna Kelley,074-734-6424,bibendum.donec@icloud.com
VZB83UUB4EF,Dane Buchanan,227-885-1676,ut.tincidunt@google.couk
JOD86OJP4SQ,Simon Curtis,786-066-3208,adipiscing.enim@outlook.couk
QCI82QOM5LH,Jamal Huber,774-108-7845,lorem.tristique@aol.com
FOX22SFF4TU,Brock Valdez,787-410-5267,ultrices.iaculis.odio@hotmail.ca
FNR67VJC4OM,Sheila Brock,115-666-3093,neque@yahoo.org
YID84MDE7JF,Ray Turner,715-682-4719,aptent.taciti@google.edu
WQQ74JPL4JD,Lawrence Anthony,258-394-3170,fermentum.metus@protonmail.net
OEF38MTV5GS,Honorato Daniel,711-156-0609,velit.justo@yahoo.edu
MPP58VXI7BG,Russell Gates,237-307-0414,interdum.enim@yahoo.net
BNG22IPS1JH,Octavia Cardenas,172-108-7221,dolor.donec@protonmail.edu
GBR77SST3CU,Addison Roth,740-623-4505,porta.elit@yahoo.net
NER84FEC8YN,Kirby Berger,340-436-2351,amet.diam@aol.net
ERI82TTN7CP,Buckminster Rich,317-347-1336,aliquam@outlook.net
GEY93DUT4TQ,Giselle Boone,785-106-7870,enim@aol.org
BLA37ITI4GW,Jana Calhoun,745-306-5124,ornare.lectus@hotmail.edu
YMC47SMN3NE,Jordan Wise,280-488-6184,ornare.elit@protonmail.com
YJP47OOC2YD,Odysseus Mayer,685-116-7114,rutrum.justo.praesent@icloud.net
RSW35RMW1NS,Samuel Stokes,511-726-8182,nec.metus@outlook.couk
DLW18SJX8UC,Catherine Travis,553-556-3421,hendrerit.donec@protonmail.org
VSJ57QYE3TC,Jenna Chang,135-643-5781,tempus.risus@icloud.com
JBU67JXK6TL,Hannah Bonner,731-266-2450,pellentesque.habitant.morbi@google.couk
RFS34TBW8UY,Destiny Bean,661-746-3467,fames.ac@hotmail.com
UQQ32NXN2KB,Honorato Frederick,181-281-2655,neque.sed@google.couk
FNR21TFC0RJ,Violet Schultz,026-254-1567,id@icloud.couk
WOH96XWX8KF,Macy Douglas,563-293-4757,metus.facilisis.lorem@hotmail.net