,username,password,email,first_name,last_name,phone
0,iwells8,wkh97gom8je,turpis.aliquam.adipiscing@google.net,Igor,Wells,182-828-5313
1,csanders7,gwm31elb1rx,varius.nam.porttitor@protonmail.couk,Clinton,Sanders,138-555-1155
2,bhead7,cfy85cnr3se,velit.aliquam@protonmail.net,Brady,Head,541-315-8472
3,mrhodes6,rgp66ems1dc,fames.ac@outlook.com,Montana,Rhodes,611-938-6248
4,jmarsh9,ill62jns4nu,dictum.magna@google.ca,Jena,Marsh,496-461-9060
5,aolsen5,mhj94cth4cp,malesuada.fringilla@google.edu,Adele,Olsen,165-545-6168
6,mlogan8,ogj13ffk5hd,aliquam.adipiscing@google.net,Magee,Logan,617-887-5388
7,rmurray8,nzr54rjv0vt,mauris.sapien.cursus@outlook.org,Rashad,Murray,558-542-6754
8,jfranco0,flh05oox8fh,donec.nibh@google.com,Jameson,Franco,475-430-5235
9,lmartinez9,wcy88ekw4kz,odio.sagittis.semper@icloud.couk,Lani,Martinez,288-666-1821
10,msanford3,pkd85ovw8hk,odio@icloud.net,Mallory,Sanford,227-463-4230
11,galvarez4,cfr28dbd8uz,leo.in@google.net,Gemma,Alvarez,675-158-7799
12,ocarpenter9,ocx86bmo0vq,vulputate@hotmail.couk,Olga,Carpenter,141-247-1487
13,vcarter5,qot67chl5yf,nascetur.ridiculus@aol.couk,Velma,Carter,354-712-3037
14,dbeach7,rjs62bwg1ft,fusce@aol.edu,Dai,Beach,162-231-9717
15,hmiller2,gcx77cgm5br,magna@protonmail.couk,Hayes,Miller,494-219-7661
16,dsolis3,xkt81yxi2rp,purus@outlook.ca,Drake,Solis,803-747-5821
17,vbates7,fsx16nzy3bm,placerat.eget@icloud.org,Veronica,Bates,315-489-4476
18,dnunez7,udg04suf7xl,nec.enim.nunc@yahoo.edu,David,Nunez,644-667-6332
19,sfloyd9,yed42lse8do,nullam@google.couk,Shellie,Floyd,503-468-2382
20,mnorton0,pjg35hoj2xe,lorem.auctor.quis@icloud.couk,Martha,Norton,518-694-3105
21,rtorres4,hvx50cum3tc,magna.duis@outlook.com,Ralph,Torres,357-104-1761
22,dalvarez1,vrx55lor8gg,vitae.mauris@aol.com,Dane,Alvarez,679-676-3927
23,mmarquez6,vob52kbf3ty,dolor.dapibus@google.com,Madaline,Marquez,842-547-3733
24,snavarro5,qdv32whg3bk,aliquam@outlook.net,Samson,Navarro,213-813-3222
25,cdeleon2,weg52vdt7gx,nulla.at@hotmail.couk,Cain,Deleon,113-274-2278
26,jwheeler5,wdn34cgg5pr,maecenas.mi.felis@protonmail.couk,Josephine,Wheeler,511-553-2177
27,walvarado2,wlt07vtl6lp,sit.amet.consectetuer@hotmail.edu,Wayne,Alvarado,551-348-6633
28,tfuentes5,xcs71opf4bc,iaculis.nec@outlook.org,Tate,Fuentes,174-709-4082
29,iherring4,emk81oul5gf,quisque.libero@yahoo.ca,Ingrid,Herring,358-877-1758
30,bhubbard5,nsp05hgh0jc,libero.dui@google.com,Bo,Hubbard,510-908-8442
31,jmarshall4,kms72qxk9yg,donec@outlook.net,Judah,Marshall,647-471-1868
32,tkidd8,woe39vut4py,venenatis@protonmail.ca,Tyler,Kidd,477-853-5440
33,dcompton0,mbc63ggb3vk,ornare.libero@google.ca,Donovan,Compton,405-776-0621
34,kdawson6,rcc61xjs7wn,rutrum.urna@outlook.com,Kelly,Dawson,344-581-6444
35,acochran3,nwp30gmh6sw,orci.tincidunt.adipiscing@hotmail.couk,Ariel,Cochran,615-733-0372
36,kdudley0,hnl33ier4xe,mollis.nec.cursus@icloud.org,Kirby,Dudley,681-472-9813
37,gdavenport3,kuf45kyx5rj,integer.sem@icloud.ca,Gretchen,Davenport,303-060-4228
38,ipark7,irg05xrk5ci,nunc.commodo@icloud.net,Ivan,Park,883-384-3941
39,jguerrero0,cko87oyl5oh,aliquet.nec@yahoo.ca,John,Guerrero,294-285-5455
40,ehenderson6,dhd46ncr8ck,fringilla.ornare.placerat@icloud.couk,Eliana,Henderson,060-086-3170
41,eallen1,cit38gwy6vn,imperdiet.ornare@google.edu,Elaine,Allen,318-024-5875
42,cchapman4,odd70erh8sb,eu.nulla@aol.com,Cairo,Chapman,492-155-1263
43,grios3,ahk76frj5cj,donec.nibh@outlook.couk,Gemma,Rios,925-136-0755
44,amoss5,vvb21dnj0nl,accumsan.convallis.ante@protonmail.com,Alyssa,Moss,942-562-1215
45,svaughn1,vob27fvi7bp,tempus.mauris@yahoo.net,Stephen,Vaughn,738-252-4972
46,zcarr1,dyf42eje1jq,et@yahoo.edu,Zia,Carr,641-863-4747
47,qbriggs8,kor50vcl1ig,egestas@aol.org,Quail,Briggs,868-656-4761
48,jclemons6,ojv16eir5vb,libero.donec@icloud.com,Jada,Clemons,258-954-6584
49,epatton4,wey35grd2uq,elit.nulla@outlook.couk,Erasmus,Patton,701-538-5125
50,bdominguez6,xiu16ngm8bo,ligula.eu@protonmail.org,Barrett,Dominguez,264-016-0376
51,jbeach4,rlu39hun0kq,nullam@outlook.net,Jemima,Beach,641-852-6808
52,ningram8,quk88ppl0yg,nascetur.ridiculus@google.net,Nora,Ingram,200-577-5359
53,hdiaz3,xni71wnx7is,egestas.ligula@outlook.com,Holly,Diaz,442-747-7275
54,opeterson1,kpi18vye8cs,leo.in@hotmail.ca,Oscar,Peterson,923-071-8672
55,kfischer2,psq55dzd8kf,cursus@aol.net,Kylee,Fischer,272-724-2335
56,sbarrera2,rgk15cxa2mc,eget.mollis.lectus@outlook.couk,Steel,Barrera,101-705-6335
57,cbeasley5,xue84ajo8tp,arcu.iaculis.enim@yahoo.couk,Catherine,Beasley,454-147-2685
58,xmcintyre1,pqc62toj3jf,quam@google.ca,Xander,Mcintyre,320-687-3977
59,arivers9,cyv16ydm2ka,nisi.sem@google.org,Ashton,Rivers,350-926-2177
60,cskinner3,dgs18wul5ip,turpis.non.enim@icloud.net,Clementine,Skinner,339-231-3275
61,rcantu4,gba84nqf2py,mauris.sit.amet@protonmail.couk,Reuben,Cantu,813-812-6683
62,gmendoza9,xlm65xon4ob,ipsum.dolor@protonmail.ca,Gray,Mendoza,882-617-2047
63,ocarey8,mwk48row6od,sed.sem.egestas@aol.com,Oren,Carey,156-321-6648
64,ffitzgerald2,sch21inw2qk,vulputate.velit@icloud.com,Fletcher,Fitzgerald,733-117-9978
65,xconway9,lpb22xia8jd,sed@protonmail.com,Xanthus,Conway,855-741-1212
66,csloan2,xhq48fsn9qh,arcu@google.edu,Clayton,Sloan,884-481-4290
67,aglenn8,qqn51uxh3jr,fringilla.euismod@yahoo.net,Aurelia,Glenn,275-941-3536
68,hbartlett8,fex88lvy4kr,fames.ac@outlook.net,Howard,Bartlett,966-086-6485
69,pdotson8,snu43khm1tp,ornare.elit@outlook.com,Phelan,Dotson,965-778-8291
70,dhogan4,jhf57big8yk,duis.volutpat.nunc@outlook.org,Dawn,Hogan,822-581-5459
71,sbowers3,ioq24htv6ea,id.erat@icloud.edu,Solomon,Bowers,777-941-3742
72,sjimenez4,tvd17oyf5fx,ipsum@protonmail.net,Stella,Jimenez,468-122-5527
73,jbean8,mil46oer4yg,dapibus.gravida@icloud.org,Jaquelyn,Bean,727-077-2661
74,wstuart1,vqa67bud7uw,nunc.id@outlook.org,Wendy,Stuart,740-135-1874
75,ymercado5,glc86eio3ui,pharetra.nibh@yahoo.couk,Yardley,Mercado,224-580-8313
76,jhamilton1,zbr39cvq5xi,quis.massa@aol.edu,Joan,Hamilton,782-216-6312
77,mnash8,mkt32hsx4ww,sodales@yahoo.com,Martina,Nash,585-077-9786
78,rlivingston1,bgs54zhl9kx,odio@google.ca,Rogan,Livingston,167-054-1912
79,ymaddox6,uhf33bua4uh,tortor.nibh@protonmail.com,Yoko,Maddox,657-341-2466
80,ccross5,fxg05thx4xt,ante@aol.org,Cade,Cross,389-716-4664
81,lhoward3,oep24zhj0wt,at.lacus@hotmail.com,Lance,Howard,663-843-1823
82,kwright2,hfc85efa1lx,nulla.facilisi@icloud.edu,Kennedy,Wright,991-240-1484
83,kbonner3,igb74lxm6mo,at.fringilla@yahoo.couk,Kiara,Bonner,850-185-4230
84,cmurray7,ejt00dcf1av,orci@aol.net,Cathleen,Murray,570-352-5958
85,rcantu5,uyk96srm0fy,auctor.velit@yahoo.ca,Rhonda,Cantu,944-172-6434
86,lcain1,qxh12mhl5sz,convallis.dolor.quisque@hotmail.com,Leslie,Cain,085-774-0664
87,bhancock7,rjb62zbq4gi,euismod@google.com,Brody,Hancock,077-755-4177
88,krivera9,wpc45hru7yd,lacus.pede@hotmail.com,Kennedy,Rivera,982-497-1667
89,oknapp4,pwd93syo5ir,vivamus.euismod@protonmail.org,Omar,Knapp,667-803-5211
90,anorton1,wzl73ypx3ib,fusce.feugiat@google.com,Anastasia,Norton,036-874-3757
91,sbennett4,uuh49isc9jx,sit.amet@hotmail.com,Shelley,Bennett,532-825-8817
92,bfoster5,nvs08blw1vr,pharetra.quisque@yahoo.net,Brent,Foster,831-895-9617
93,cmorales9,ues57smw8nh,augue.malesuada.malesuada@protonmail.org,Clementine,Morales,813-321-8673
94,aduncan5,rou35dfg6ha,dui@google.com,Alma,Duncan,570-523-3146
95,rgarrison8,xpf85yoj4kl,enim.mi@google.com,Rana,Garrison,315-859-6635
96,uleon8,lig47ytw2jd,donec@hotmail.edu,Ursula,Leon,878-548-5127
97,rcallahan1,bhi50ylr4tg,dolor.dapibus@icloud.couk,Roanna,Callahan,076-745-2524
98,umorse3,sog98teh2gv,fusce.dolor.quam@outlook.couk,Upton,Morse,804-512-6987
99,wberry2,afc26ebv8uk,aliquam.tincidunt.nunc@icloud.org,Wing,Berry,949-878-8661
100,salbert0,qfr82sme9le,luctus.et.ultrices@hotmail.com,Stephanie,Albert,654-685-7372
101,fmoses0,pci62pqv7aj,magna.ut@outlook.com,Fulton,Moses,363-846-1436
102,jvincent2,fty42wuc3pv,maecenas.libero@protonmail.net,Jillian,Vincent,872-186-7816
103,msullivan6,oeg34dba7ps,pretium.neque.morbi@hotmail.com,Marah,Sullivan,453-051-2742
104,rkey0,mqx59fqm3jy,vestibulum.mauris@hotmail.edu,Raymond,Key,196-772-2128
105,fthomas5,btp35pol8my,accumsan.laoreet@aol.edu,Francis,Thomas,458-369-0740
106,asharp5,hwi03krn2jq,eget.ipsum@protonmail.edu,Alice,Sharp,319-360-1614
107,lkane1,frr65vim5qo,molestie.sodales@google.net,Leroy,Kane,355-479-7817
108,tkidd0,yqm98mkh3ce,id.libero@outlook.net,Thomas,Kidd,665-263-4563
109,dwatts6,jsa85gxr6qh,ut.pellentesque@hotmail.net,Dieter,Watts,450-026-9247
110,jvega8,kuj75odg8eq,quis@icloud.ca,Jasmine,Vega,404-432-3436
111,cholloway3,tjc72wey4ka,mauris.rhoncus@google.edu,Colby,Holloway,023-558-1311
112,amccray3,wcz38oup7li,sed.pede@google.couk,Alfreda,Mccray,611-739-6661
113,dosborne4,nii98uts6op,cras.interdum@aol.org,Dieter,Osborne,671-825-2251
114,aforbes4,cqn28wqw6bi,nam.porttitor@yahoo.com,Alan,Forbes,586-664-9212
115,loliver9,avz83cyc1yk,egestas@hotmail.net,Lesley,Oliver,536-877-4123
116,aharrell6,dsk28sqb1vf,ut.nisi@yahoo.edu,Anjolie,Harrell,334-328-7491
117,jclayton9,eir81ctw6he,ridiculus.mus.aenean@hotmail.ca,Jasper,Clayton,642-232-9458
118,jsolomon7,tdh18hal4jg,in.faucibus@icloud.couk,Jorden,Solomon,809-513-7686
119,kslater3,bxw62tjs3up,donec.est@icloud.org,Kennedy,Slater,015-885-4370
120,nford3,quy09arm1od,a.scelerisque.sed@yahoo.edu,Nerea,Ford,206-372-0795
121,mmoran9,knh17rrj4rp,tellus.aenean@yahoo.edu,Mechelle,Moran,945-222-7605
122,sphelps3,mnm45nsr6iq,fusce@yahoo.ca,Sylvia,Phelps,254-441-5037
123,jterry7,pcq64gbv8tf,lectus.rutrum@outlook.couk,Jolene,Terry,028-872-1594
124,ijoyner8,pev35lmb2nm,nunc.in@outlook.com,Ivana,Joyner,790-807-3571
125,krobertson4,vtw68ywx3kj,sed.molestie@icloud.edu,Keegan,Robertson,111-411-1457
126,aburnett5,sub82rah3mu,sed.dolor@google.net,Abra,Burnett,495-542-6566
127,wkey2,rnh94hsx7sb,suspendisse.tristique.neque@aol.ca,Whitney,Key,683-845-5326
128,dthompson6,efn44ckc1mm,sagittis.lobortis.mauris@protonmail.edu,Donovan,Thompson,075-141-7391
129,ahines0,ems83ssz2lm,dolor.nonummy@outlook.ca,Alika,Hines,191-383-1240
130,hrobles2,atv71woc4ii,dolor.quam.elementum@aol.org,Hilda,Robles,838-232-1234
131,iconner1,zbg35nhg9xt,pretium.aliquet@google.net,Irma,Conner,462-629-1115
132,pball2,tff53qpo3xq,nibh.quisque@outlook.couk,Paul,Ball,651-541-7618
133,awynn0,nvs50njo2un,ac.facilisis@outlook.couk,Aladdin,Wynn,887-480-9314
134,cbarrett1,xwt59pbg8hw,risus.at.fringilla@hotmail.net,Cheryl,Barrett,267-798-5687
135,gleon6,ahf32tmj3sp,tempor.augue@icloud.couk,Galena,Leon,236-798-4674
136,wrivers4,jgt72syl7cg,eu@google.com,Wanda,Rivers,251-123-5761
137,asoto1,tpd72vpg4nk,scelerisque.scelerisque.dui@aol.org,Amery,Soto,776-556-8043
138,cdillard8,chw23gah4wn,nascetur@protonmail.edu,Craig,Dillard,308-328-9861
139,bgood6,ued78inf9za,tempor.diam.dictum@hotmail.edu,Basia,Good,409-822-9624
140,mhunt3,dcb82dzq3gu,lectus.justo.eu@icloud.com,Maxwell,Hunt,181-887-1455
141,bsteele8,xdx75rvh8by,malesuada.malesuada.integer@yahoo.net,Basia,Steele,468-520-6653
142,plester7,cwf81mwf5wo,mauris.blandit@google.couk,Paki,Lester,266-694-6858
143,lvelasquez6,opi82qld9ky,sociosqu.ad@yahoo.org,Leo,Velasquez,471-665-0116
144,tmosley9,whj12nqp1tq,erat.eget.tincidunt@aol.net,Tallulah,Mosley,358-120-0558
145,hsilva9,jsx42pot6vg,erat.vivamus@hotmail.edu,Herman,Silva,253-300-1516
146,jlowery4,hcd20gwo8mg,massa.vestibulum.accumsan@yahoo.com,Jacqueline,Lowery,353-281-9467
147,gmorales1,how18uip6bt,nonummy.ultricies.ornare@icloud.org,Griffith,Morales,312-222-5764
148,jbeach3,ejy33lpu3od,ut.molestie.in@protonmail.org,Jeanette,Beach,558-356-5875
149,cmcneil5,emt37vkz1wa,vulputate.nisi@outlook.net,Caesar,Mcneil,132-266-3466
150,uparks9,ost35hxq6gx,lorem.eget.mollis@outlook.ca,Ursula,Parks,596-783-4347
151,cmathews5,qyn07rdv2yn,cras.interdum.nunc@icloud.couk,Colorado,Mathews,554-552-7597
152,lbates7,yft63dpk4so,placerat.cras@outlook.org,Lesley,Bates,383-810-0184
153,jwade4,ueo72uhy3io,et@aol.couk,Jaden,Wade,803-535-4728
154,jarmstrong3,jpm30vrh7kx,vel.pede@protonmail.net,Juliet,Armstrong,623-131-2869
155,lfrazier0,lst25mfy7jb,lorem.ut@protonmail.couk,Lyle,Frazier,482-453-0087
156,agallegos0,fml27wso1cc,ipsum.cursus.vestibulum@icloud.org,Akeem,Gallegos,229-620-4579
157,srowland1,dkq05cpg8jm,nullam.feugiat.placerat@yahoo.net,Steel,Rowland,871-414-2660
158,bbecker5,sdx46yni0vo,bibendum.fermentum@protonmail.couk,Barry,Becker,856-236-1741
159,vwall2,gqc57gig1qd,rhoncus.nullam@protonmail.ca,Vladimir,Wall,075-861-3041
160,nkane5,nij26qzw1fr,mi.lorem@icloud.com,Nash,Kane,362-717-4784
161,mjoyce7,jmg32rfi7kk,lorem.semper@aol.org,Marvin,Joyce,175-433-9872
162,yworkman4,com77plu4ta,torquent@protonmail.com,Yasir,Workman,589-386-4562
163,jsmith4,kgt81gox9mr,lorem.auctor@google.net,Jin,Smith,464-257-8133
164,savery9,uji73ail2hr,lacus@aol.net,Skyler,Avery,859-544-6514
165,croth1,oqx74oin7ct,ornare@google.ca,Cadman,Roth,933-809-8564
166,gmcdowell8,bwo77bbc8bx,fusce.feugiat.lorem@aol.com,Gage,Mcdowell,948-324-7784
167,gknox1,she62idv2bm,nulla.integer@protonmail.ca,Gemma,Knox,879-153-3631
168,wbryan8,nus49gbv2bh,diam@icloud.ca,Wyoming,Bryan,561-478-7328
169,champton9,lxw26qax7vn,auctor.vitae.aliquet@google.org,Chaim,Hampton,249-294-2196
170,hhenderson4,hmg21axn8ug,augue.porttitor@icloud.net,Hedley,Henderson,266-268-5895
171,nperry6,nho40bhv0gt,nonummy@aol.couk,Nigel,Perry,565-254-4798
172,cblanchard4,rwy56lga2ex,eget.lacus@icloud.org,Carissa,Blanchard,589-880-7575
173,dgilbert0,evi38hdu2re,nunc@google.net,Daquan,Gilbert,745-413-5024
174,oswanson3,wzn65dho1yp,semper.tellus.id@outlook.edu,Orla,Swanson,345-393-1242
175,bstevenson2,kxn29tdj4tr,neque.sed.dictum@aol.org,Bell,Stevenson,747-315-4237
176,inolan7,mox44upq1ex,libero.dui.nec@outlook.couk,Imogene,Nolan,564-601-0032
177,smueller2,vvw17gkn4bb,quis@icloud.edu,Skyler,Mueller,357-366-3405
178,hmaddox6,jts76ber1pi,venenatis.lacus@icloud.org,Hyacinth,Maddox,353-846-6452
179,dmelton4,twy62kfq4px,mollis.integer@outlook.com,Darius,Melton,373-201-0246
180,cmelendez0,lih77oml1di,pharetra.quisque@protonmail.ca,Chastity,Melendez,598-178-7738
181,awalsh3,bkf10brk1fm,maecenas.mi@protonmail.ca,Anika,Walsh,338-377-8859
182,shiggins7,vmx19bwg9tp,neque@hotmail.org,Scott,Higgins,915-820-5657
183,efitzgerald3,rth50gtz8bx,aenean@icloud.com,Ezra,Fitzgerald,042-832-7259
184,jmorrison0,bqv41skw5uf,a.purus@hotmail.edu,Jonah,Morrison,547-157-9358
185,csims1,nlv83prc5gk,nullam@protonmail.edu,Chaney,Sims,686-314-0856
186,ksavage3,mlg47hdp6jx,cras@hotmail.com,Kameko,Savage,642-611-6372
187,svillarreal6,mjv53gmx2rk,cursus.purus.nullam@google.ca,Sebastian,Villarreal,567-913-2348
188,wduke4,wpe85vfg0fg,tellus.justo@outlook.couk,Wynne,Duke,688-662-0484
189,nnoel9,qem33biw2hr,vel.convallis@outlook.edu,Noah,Noel,326-654-9359
190,arussell5,ijg05mqn7dn,duis@outlook.net,Adena,Russell,204-940-0470
191,kpotter5,iek05gtj3lg,odio.etiam@aol.edu,Kelly,Potter,868-533-7161
192,hbean4,ckr55gba0on,ut.cursus@yahoo.edu,Hayden,Bean,266-555-1097
193,hhouse0,bci84rrb8rv,sem.eget@aol.org,Herrod,House,904-376-9527
194,wvalentine6,vqd99nhh2fk,ut.molestie.in@google.com,Warren,Valentine,505-462-5813
195,qhickman8,hfl69gfn3su,vel@google.org,Quin,Hickman,265-170-6951
196,cmitchell3,xax86zzl5md,dolor.nonummy.ac@google.ca,Callum,Mitchell,487-551-1555
197,dalexander4,nzw43hrc2ap,at.velit@aol.couk,Deanna,Alexander,303-520-7677
198,hfitzgerald6,sve89evs8ll,elit.curabitur.sed@yahoo.couk,Hedwig,Fitzgerald,277-145-3634
199,dparker3,ckn25tbr6hx,sed@protonmail.edu,Denton,Parker,651-810-2206
200,anash9,joo65epm6od,velit.justo@outlook.com,Azalia,Nash,356-240-2248
201,tsingleton1,tqr55dvq7kt,enim.etiam.gravida@google.edu,Tanek,Singleton,739-127-2365
202,rrichmond9,gym38krl3kh,est.tempor@hotmail.net,Richard,Richmond,862-154-3089
203,mallen9,rrw86cir7eo,est.vitae@google.net,Maxine,Allen,346-223-1918
204,rirwin2,exa45gxh5rd,tellus.non@yahoo.org,Ross,Irwin,863-383-3355
205,bhamilton1,yfq36fkh4pt,aliquam.rutrum@icloud.com,Brielle,Hamilton,400-485-5356
206,oeverett2,rxr52otn7st,libero.proin.mi@outlook.com,Octavius,Everett,592-412-5163
207,chouse7,bmn53waq5ui,aliquam@outlook.net,Cameran,House,958-642-5146
208,zdrake8,qze77lpy7tj,sodales.nisi@icloud.net,Zorita,Drake,234-459-5210
209,jpollard1,hto03ivu4yq,per.conubia@hotmail.ca,Juliet,Pollard,771-341-2768
210,imcdaniel3,ktq52yhr8oc,nec.imperdiet@outlook.ca,Iris,Mcdaniel,013-337-3241
211,ssuarez3,dng17pqe5nv,mi@outlook.com,Slade,Suarez,521-719-3435
212,smadden3,jtr32moi6jd,nec.tempus@hotmail.edu,Shafira,Madden,436-214-5167
213,rduke3,wmr60ubh7lg,scelerisque@outlook.edu,Rachel,Duke,736-466-8760
214,fhuff1,zuv32lqj5im,nulla.in.tincidunt@outlook.org,Fritz,Huff,243-851-4682
215,bcasey4,geo30mip6pw,tellus@outlook.ca,Brennan,Casey,795-533-3694
216,cpowell6,icd11ggb5et,lorem.luctus@aol.ca,Curran,Powell,957-218-0143
217,hkramer4,plj25gny5tp,erat.sed@yahoo.org,Howard,Kramer,026-662-0737
218,fwyatt8,rpo86hqm6gy,donec.felis.orci@protonmail.com,Freya,Wyatt,376-422-7845
219,jespinoza8,qxu48vcg3kc,cursus.purus.nullam@protonmail.edu,Jaden,Espinoza,445-407-2984
220,tdejesus9,nht85gvf1gj,vitae@yahoo.edu,Travis,Dejesus,398-717-2103
221,bsexton2,def47vbl8mc,tempus@yahoo.com,Bradley,Sexton,546-256-6566
222,rkey7,ydx72cve5wf,pharetra@outlook.net,Reuben,Key,154-386-2091
223,zfrost3,iee72kxv1kd,convallis@outlook.com,Zena,Frost,728-758-5635
224,gmelendez7,yjw84efj2ct,tellus.justo.sit@hotmail.couk,Geraldine,Melendez,364-031-8724
225,hflores2,lpj62cmt1dj,fermentum.fermentum.arcu@yahoo.couk,Hamish,Flores,729-133-2348
226,osears3,sun85ide5im,interdum.feugiat@protonmail.com,Octavia,Sears,135-274-0812
227,sshort0,dym17wfe1dr,ultrices.posuere.cubilia@outlook.couk,Sebastian,Short,477-464-5404
228,skelley8,chs46nsm8am,sapien.aenean@icloud.com,Sade,Kelley,513-573-2867
229,mhorn1,wwr17gbg0yt,augue.malesuada@aol.edu,Melodie,Horn,153-577-3045
230,acaldwell6,ryk06gmk4gt,turpis.nulla.aliquet@aol.couk,Alma,Caldwell,773-513-1770
231,llester3,vcr30hyc5qf,duis.sit@icloud.net,Lacy,Lester,287-564-2216
232,ahammond9,gwu14lra4bi,luctus.ipsum@google.net,Arthur,Hammond,362-467-1704
233,rhawkins8,fqf04jti2bd,pellentesque.tincidunt@outlook.ca,Rhoda,Hawkins,556-684-1738
234,fbullock7,lst42loy1hc,velit.quisque@hotmail.ca,Fulton,Bullock,291-674-3854
235,dpatton7,kmn74xuj8ps,aliquam@aol.net,Dara,Patton,230-548-6817
236,thester0,ieg85kbj7tp,mi@hotmail.couk,Tyler,Hester,598-747-6911
237,bbryant9,xuv31xnj4qu,morbi.accumsan@icloud.couk,Beck,Bryant,305-666-2648
238,rallen4,uyl88mvs6bi,pede.nunc@hotmail.com,Renee,Allen,752-637-0578
239,msullivan7,bfj67ghz5xt,malesuada.ut.sem@google.org,Murphy,Sullivan,145-772-6877
240,aramsey4,qsy06qxw4ux,diam.dictum.sapien@hotmail.org,Abbot,Ramsey,174-146-7028
241,abarker9,jxi34bnk4sg,vivamus.molestie@protonmail.com,Abel,Barker,986-158-6963
242,nlott9,exk57lkp7hr,donec.porttitor@outlook.edu,Nadine,Lott,321-311-3811
243,ndavis1,xvm03oow5rm,luctus.ut.pellentesque@icloud.com,Neville,Davis,822-324-7868
244,qwilkins3,srp64iqm3pd,sed@protonmail.ca,Quyn,Wilkins,867-457-5305
245,egilliam4,xsg49vru9to,ornare.elit.elit@protonmail.ca,Edward,Gilliam,257-335-5681
246,abolton6,nbw21fvy3lf,mi.aliquam.gravida@hotmail.edu,Amanda,Bolton,812-364-3113
247,ydillard0,igi35lgw8ev,integer.in@hotmail.net,Yvette,Dillard,670-142-5555
248,kharrington6,ahk67qmn3io,lorem.eget.mollis@hotmail.couk,Keith,Harrington,118-951-4272
249,rconrad3,xeb73puc6qp,erat.vivamus@outlook.org,Riley,Conrad,941-675-0606
250,kgomez9,ozf56hpb3mo,at.auctor@hotmail.ca,Keefe,Gomez,179-095-1758
251,ehunt2,vqw93qor1fo,sit@protonmail.edu,Emery,Hunt,457-301-7266
252,kanderson3,idl11ias5yt,in.scelerisque@yahoo.couk,Kimberly,Anderson,621-643-4792
253,jfarmer2,bdq78gwb5oy,donec@outlook.com,Jakeem,Farmer,534-481-4836
254,bporter4,scd97dxy6lx,malesuada@hotmail.ca,Brynn,Porter,628-814-5028
255,vdowns9,lbm73bpd1gb,metus@outlook.edu,Vielka,Downs,788-374-9282
256,kwilkins5,caw27xya2pa,sociis.natoque@hotmail.com,Kylynn,Wilkins,892-605-4327
257,ebrennan9,ukc36oub4hm,auctor.non.feugiat@yahoo.com,Edan,Brennan,440-818-4643
258,rhuber0,hvs98bqy2gy,sollicitudin.adipiscing@protonmail.edu,Rylee,Huber,129-522-2847
259,dfry9,wdj42wvs8vk,eu.odio@yahoo.org,Driscoll,Fry,761-883-4537
260,nmercado6,sos54iuq5ei,accumsan@protonmail.ca,Nolan,Mercado,415-165-8761
261,rolson3,meu18rmx7tw,sem.magna.nec@icloud.org,Regina,Olson,645-762-6271
262,gweaver0,qey43ptl1or,nibh.aliquam@icloud.net,Gail,Weaver,541-751-4361
263,ichase9,oip55jcr4uq,a.nunc.in@yahoo.net,Indira,Chase,847-916-7686
264,pmartinez4,ddm43ykc6ei,mauris@outlook.couk,Phoebe,Martinez,153-608-8946
265,bcote4,unj83otx8ff,morbi@icloud.net,Brenda,Cote,575-982-0777
266,dherring9,cfz11xut3jq,nisl.arcu@aol.couk,Dante,Herring,462-741-3326
267,lhale3,fpw61ksj3yh,natoque.penatibus@protonmail.org,Lenore,Hale,297-878-9716
268,sknowles0,bnc91nvn9qb,donec.tincidunt@google.edu,Slade,Knowles,939-247-8646
269,rnunez6,dyy77qul2vk,ac.tellus.suspendisse@outlook.couk,Ruth,Nunez,312-928-3578
270,ygoff3,xdb79kve8tm,ac.mattis@hotmail.com,Yetta,Goff,084-459-8173
271,mgordon7,nif87cun4ds,ipsum.leo@google.org,McKenzie,Gordon,432-214-6113
272,swalton3,kgn48rvw4xb,phasellus@google.net,Shelley,Walton,764-643-3460
273,gschwartz2,ofd04nvo7mj,arcu.aliquam@protonmail.couk,Gemma,Schwartz,468-288-6264
274,lroman3,jsd51wto6zw,ornare.fusce@protonmail.net,Leigh,Roman,777-843-8182
275,wromero2,lub04myl8lh,pede.malesuada@outlook.edu,Wade,Romero,333-108-9501
276,mhuff9,rxx78nce8zu,nunc@hotmail.net,Michael,Huff,512-341-5747
277,ktaylor9,pqs70mun4pg,mauris.morbi.non@aol.couk,Kelly,Taylor,888-248-1427
278,nnoble2,mmr52pnb2sx,massa.vestibulum@aol.net,Nita,Noble,721-447-5304
279,cjoyce1,uyo65wdl7dc,urna.nunc@yahoo.edu,Castor,Joyce,664-012-7442
280,jcoffey6,dnu25ivb1px,sem.vitae.aliquam@yahoo.edu,Jeremy,Coffey,558-114-8022
281,sford5,jrs01qet2ie,nullam.scelerisque@outlook.edu,Stacy,Ford,964-357-1782
282,wforeman7,hkd51tes2hp,orci.adipiscing.non@yahoo.org,Whoopi,Foreman,667-857-2589
283,zestes8,mlh14yyw4jb,elit.fermentum@icloud.net,Zena,Estes,478-436-9466
284,cking1,ugb54fyb2dk,neque.nullam@hotmail.edu,Chase,King,033-828-4700
285,igreer3,nfs14den4jd,hendrerit@yahoo.couk,Ima,Greer,873-016-1227
286,sfrancis8,hiw12hsu4fa,aliquam.arcu@google.net,Skyler,Francis,847-861-1373
287,imcdowell8,yow51lek0kf,tellus@outlook.org,Isabelle,Mcdowell,522-196-6063
288,bspence6,fjo05kpe3pu,consequat.nec@aol.edu,Baker,Spence,136-243-7626
289,ecallahan2,hxd88fwo5wb,mus@yahoo.edu,Erich,Callahan,047-765-3163
290,ejordan3,sog91sin4bm,penatibus.et@icloud.net,Elizabeth,Jordan,327-375-5449
291,fbond7,uys40srf1xi,malesuada@google.couk,Fulton,Bond,576-255-9455
292,nphelps9,qia37vjo4nj,vulputate@hotmail.org,Naomi,Phelps,766-013-8507
293,aewing1,qph16tot7ae,lorem.ipsum.dolor@icloud.edu,Acton,Ewing,281-355-3840
294,yscott5,uoi02nfj5wd,senectus.et@outlook.org,Yoshio,Scott,161-151-3136
295,fgreer3,heq59orl6uu,nisl.arcu.iaculis@aol.couk,Forrest,Greer,431-478-2556
296,cmendez7,tlc25nxn2ib,scelerisque.neque@hotmail.couk,Colt,Mendez,355-854-1637
297,rrios2,utf45xff4lt,sed@hotmail.couk,Ralph,Rios,213-178-8573
298,ksimpson3,zvm71ptx0yd,justo.eu@yahoo.ca,Kenneth,Simpson,186-593-1460
299,dmejia1,syv55jbp4md,et.ultrices@aol.net,Desirae,Mejia,436-791-5279
300,chiggins4,tld18evk2ru,lobortis.class@google.org,Chiquita,Higgins,199-252-8852
301,mriddle0,ymk25vuq2ri,sem.mollis@outlook.ca,MacKensie,Riddle,747-312-5906
302,zharding4,qou43tht3re,posuere.vulputate@protonmail.com,Zachary,Harding,618-785-9733
303,gwitt8,npg47vvk7nq,dui.in@google.net,Germane,Witt,638-852-7749
304,eschwartz6,pgf86jlo5of,proin.ultrices.duis@yahoo.com,Erica,Schwartz,059-721-2103
305,wwolfe9,opx86pkc3gh,in.faucibus@protonmail.org,Winter,Wolfe,332-742-2667
306,janthony7,rkd93mcd8tb,nam.ac@icloud.net,John,Anthony,961-480-3784
307,mclarke8,loy97kkv7do,nec.ligula@icloud.org,Martena,Clarke,817-273-1287
308,cfinch7,wwh43iur5ek,vulputate.mauris@protonmail.ca,Charles,Finch,435-470-4141
309,bvaldez3,mvd54pgl4hd,tristique@protonmail.edu,Benedict,Valdez,736-533-1495
310,crandall9,kgu21fom5cb,pede@protonmail.net,Christian,Randall,731-985-0651
311,cpatton3,wqm57smr1bb,litora.torquent@aol.org,Cherokee,Patton,528-048-6254
312,dsharp7,mrn13srk3qg,euismod.et@google.net,Derek,Sharp,317-889-4409
313,sgiles2,kih96fka1dp,dignissim.pharetra@aol.couk,Shannon,Giles,738-428-6144
314,khewitt0,wmf48pjf3uq,orci.phasellus@protonmail.ca,Kane,Hewitt,033-173-4200
315,vsanders3,lax39zuq3dj,libero@aol.net,Venus,Sanders,585-936-1090
316,rnoble8,wcc62rpa6pt,sed.pharetra.felis@hotmail.com,Rigel,Noble,131-866-9899
317,wyates3,gur96itb5pv,eu@icloud.ca,Wyoming,Yates,086-741-4653
318,glynn8,kcc53lnd1ef,quis@icloud.com,Galvin,Lynn,331-433-1978
319,rbradshaw5,gqc29tmj2rw,aliquet.odio@google.net,Ryder,Bradshaw,620-720-7576
320,cvargas9,wsc63xuj1pl,lobortis@icloud.couk,Clark,Vargas,148-479-5662
321,ifranklin6,rdt86qfl0ll,dui.fusce@outlook.com,Ivana,Franklin,102-768-5536
322,mbeard4,lyf06xzp6fs,massa@hotmail.ca,Malcolm,Beard,103-711-2293
323,asherman9,ols52juq8nm,eu@aol.ca,Anika,Sherman,931-883-4371
324,hmiranda5,pvc52ags5gn,vitae@hotmail.com,Hilel,Miranda,570-371-5696
325,hrichardson9,top71eey1ul,purus.gravida.sagittis@yahoo.couk,Heidi,Richardson,587-722-7739
326,pwaller7,edf86wkg4km,sagittis.nullam.vitae@icloud.edu,Penelope,Waller,626-296-3787
327,ndillard3,uok56ofo4px,at.velit.pellentesque@google.edu,Nichole,Dillard,358-812-5734
328,nlindsay0,zyu34xfg5ro,sit.amet@google.org,Neve,Lindsay,615-017-6354
329,sbritt7,yhy24duj0fd,et@google.couk,Samantha,Britt,672-558-9865
330,mrosario0,ovm50smp4zz,auctor@outlook.org,Malachi,Rosario,719-482-5401
331,xeaton3,zci42cej5qp,sem@icloud.com,Xantha,Eaton,167-133-8041
332,sgallegos3,xgr31foy2gq,adipiscing@protonmail.com,Slade,Gallegos,227-071-7769
333,pmcpherson9,jhb62hdx6mg,ligula.elit@protonmail.couk,Patience,Mcpherson,487-185-9808
334,gcervantes2,uqn04bmz8jz,nam.ligula@outlook.couk,Galvin,Cervantes,126-589-3848
335,ureese7,iok52gqs1ub,eu.tellus@google.net,Ulysses,Reese,096-193-1998
336,kfranco2,wub58hpf5mu,justo.praesent.luctus@google.net,Kibo,Franco,211-388-1635
337,sbrooks4,whp88lrj6cq,arcu.iaculis.enim@yahoo.net,Steven,Brooks,522-566-3008
338,dneal7,upp36vwq5tv,vitae.diam.proin@aol.couk,Dante,Neal,794-345-1332
339,nchavez3,qkl88icd2ef,sit.amet@google.edu,Nyssa,Chavez,142-412-0196
340,crasmussen7,uvm27iiq3xf,felis.nulla@hotmail.couk,Cole,Rasmussen,268-611-7514
341,hrogers3,ari77oou1lv,nunc.ac@aol.com,Hammett,Rogers,896-730-0777
342,brich9,qqs40rwm1od,id.erat@outlook.net,Bianca,Rich,635-786-0208
343,aroy0,mqt44ocl9lm,tempor.erat@outlook.couk,Azalia,Roy,161-445-6835
344,xshort9,nby21shj9oi,fringilla@yahoo.edu,Xanthus,Short,182-274-1544
345,churst3,vhq56rbp9xs,imperdiet@protonmail.org,Chava,Hurst,090-416-0056
346,sschmidt1,jdr90tve2tt,magna@outlook.edu,Sage,Schmidt,347-576-6484
347,avaughan7,xdb15mws2pz,et.pede.nunc@icloud.edu,Alan,Vaughan,777-715-1444
348,cespinoza0,lkk23dfn7rc,dolor.dolor@outlook.ca,Courtney,Espinoza,782-230-2261
349,areilly0,hou68hgq1hh,felis.eget.varius@icloud.org,Austin,Reilly,548-891-8502
350,lmckay4,qxx12zjf1wx,lectus.cum@aol.couk,Len,Mckay,901-727-2343
351,wbarker5,glj38lnh1eu,cursus.vestibulum.mauris@yahoo.com,Wylie,Barker,270-646-8192
352,kmorrison0,dwc85eun7io,ultricies.adipiscing@outlook.com,Keith,Morrison,288-541-4852
353,bholder9,rou30rvq1os,metus.aliquam.erat@aol.net,Bert,Holder,693-462-6813
354,jhamilton6,wyl74myd1jj,lectus.ante@yahoo.net,Jane,Hamilton,522-058-7741
355,whall7,fry41xdo0xe,et.ultrices.posuere@aol.edu,Willow,Hall,391-353-6211
356,jestrada2,dik44rln5pp,nec@icloud.net,Jerry,Estrada,084-552-2734
357,cgonzales6,kne74kco8rg,vel.venenatis@protonmail.com,Carla,Gonzales,090-593-7796
358,kstafford7,hwu53qdy2kk,justo.praesent@outlook.couk,Keely,Stafford,826-615-4107
359,ohendricks2,atw27pvv8xo,consectetuer@google.org,Owen,Hendricks,833-487-1604
360,clopez5,jsw27yie7xw,mauris@aol.couk,Christen,Lopez,022-046-1702
361,dmontgomery2,tsa97qsj8bu,felis.nulla.tempor@google.edu,Dominic,Montgomery,553-224-6211
362,mcox6,zpq67sma3dp,lorem@outlook.com,Mary,Cox,114-528-4383
363,hkim5,eph17dhc2sg,nam.ligula@hotmail.couk,Hop,Kim,814-981-0966
364,amcknight8,afk65ibr9dl,integer@icloud.net,Amos,Mcknight,421-627-1554
365,erusso9,oxf13crp1gq,urna.suscipit.nonummy@google.ca,Elaine,Russo,834-754-4365
366,wmeadows3,pgg77kkd3ko,arcu.vivamus@protonmail.org,Wang,Meadows,743-767-7550
367,mwarner7,dhm36zeb4ef,erat.nonummy@hotmail.couk,Martena,Warner,254-620-3015
368,amason4,ywb23udc2gg,in.aliquet.lobortis@protonmail.net,Ashely,Mason,524-783-2168
369,cingram5,dbe88elp5ui,feugiat.nec@aol.net,Colt,Ingram,519-437-8426
370,khead6,tvb11xbx2le,justo.nec.ante@icloud.couk,Kimberley,Head,127-978-1842
371,kmcmillan3,rsm44cdd5ok,sociosqu.ad@hotmail.couk,Kylie,Mcmillan,116-312-4836
372,irodgers4,jhx61ury3bh,faucibus.leo@google.org,Iris,Rodgers,305-737-2428
373,rmorales3,rll61tfm3ye,at.risus@yahoo.org,Rooney,Morales,043-655-4471
374,kflores8,edb53hmc3it,sed.id.risus@outlook.org,Kennan,Flores,355-272-0326
375,rhampton1,tch42zth1mh,est.mauris@yahoo.net,Rinah,Hampton,789-311-4446
376,evincent4,mlh61mdd1do,magna.praesent@aol.org,Evangeline,Vincent,874-678-6477
377,amadden8,ecv27wxi5ix,sagittis@hotmail.couk,Ahmed,Madden,708-461-1152
378,zvaldez5,xhn88bsv6lc,ut.aliquam.iaculis@aol.org,Zia,Valdez,372-883-6224
379,kvance9,bnj28gst6dl,sit@outlook.com,Kaitlin,Vance,659-441-1815
380,byang2,ecx73bno4id,aliquam.eros@google.org,Burton,Yang,685-436-8562
381,amcfadden9,rbv45znf1mu,quis.arcu.vel@aol.org,Alexander,Mcfadden,353-264-4149
382,svance5,puk48msr3rc,volutpat.nulla@icloud.ca,Shelly,Vance,716-275-1525
383,dfrederick3,bxv36oym1tj,pharetra.nibh@aol.edu,Dora,Frederick,045-735-7776
384,aphelps8,bxv22xnc3is,imperdiet.dictum@outlook.org,Audra,Phelps,756-384-5251
385,bshepherd9,qpy96vxh1lq,duis.cursus@google.edu,Briar,Shepherd,615-674-2416
386,lwoodward0,ssj07aeg2lg,nisi.magna.sed@icloud.net,Lester,Woodward,577-148-8281
387,bwalsh3,pmz24myi8sy,lectus.justo.eu@yahoo.net,Brady,Walsh,139-637-7293
388,wgriffin9,ipw16jqz7he,vestibulum.ante@outlook.edu,Willow,Griffin,750-856-2751
389,sgreer1,ruw74dux8pm,blandit.at@hotmail.edu,Shaeleigh,Greer,254-426-5873
390,smayo0,lfw45sjt7xi,montes.nascetur@icloud.org,Steel,Mayo,829-165-0897
391,ssanders0,kri87spw4zb,congue.turpis@icloud.com,Scott,Sanders,036-565-7307
392,natkins6,xnx57abh5bt,eget.odio.aliquam@protonmail.com,Nora,Atkins,121-135-5190
393,tmullins3,kpn95ioy7ua,velit.eget.laoreet@yahoo.net,Thaddeus,Mullins,982-665-3665
394,hkennedy1,gii58mdk6nw,non.sapien.molestie@icloud.com,Hammett,Kennedy,740-385-0673
395,ole5,pmj73wwl3ew,risus.nulla.eget@outlook.org,Ora,Le,038-566-6958
396,lbates4,rpq26mjk4kp,magna.sed@hotmail.couk,Lunea,Bates,967-777-3235
397,csavage3,xlf41iet0vd,egestas.aliquam.fringilla@hotmail.ca,Colorado,Savage,087-426-9868
398,mbaxter7,pbg97kto5wx,lorem.fringilla.ornare@yahoo.edu,Michelle,Baxter,714-358-7242
399,nmathis5,edb54wuh5hr,ut.odio@hotmail.edu,Nehru,Mathis,734-721-8334
400,sberger0,rkn23tfq1ol,ac.sem@aol.couk,Simon,Berger,903-397-8819
401,chaley9,pxe81pkj3gn,varius@yahoo.edu,Cullen,Haley,462-665-9435
402,pholden6,tsb85egd2if,vel.vulputate@protonmail.couk,Patricia,Holden,532-117-6029
403,arandolph7,sgx82lim5ok,penatibus.et@outlook.org,Andrew,Randolph,153-654-0167
404,lcoleman8,jnw28cug7ao,ac.orci@outlook.ca,Logan,Coleman,535-887-6172
405,ccollier6,eaq16kfc7ux,turpis.in@hotmail.com,Claire,Collier,974-724-2624
406,ktyler2,qhp34obk0fa,quis.turpis@google.ca,Kenneth,Tyler,356-744-5384
407,dlancaster1,ttp87ejs0by,a.nunc@google.ca,Dennis,Lancaster,696-586-0143
408,wfulton6,hrr47vlw3ep,feugiat.tellus@google.ca,William,Fulton,253-789-3942
409,tblack3,bwz91cfl8ll,nec.luctus.felis@outlook.net,Timon,Black,661-377-1851
410,rware5,slc64ccg2ku,et@protonmail.edu,Regina,Ware,536-857-2285
411,qbartlett6,blg96bpx4eq,eget.ipsum.suspendisse@aol.org,Quinn,Bartlett,167-380-4757
412,vcastaneda7,seu59ope6br,quis@outlook.com,Velma,Castaneda,899-384-3724
413,nballard7,soh62pkq3jp,consectetuer.adipiscing.elit@yahoo.ca,Nita,Ballard,718-715-3064
414,hbooth2,rne45upb6xx,cum.sociis@aol.couk,Hakeem,Booth,376-865-7064
415,dblack7,rys67lmb0vh,eros.non@outlook.edu,Dale,Black,985-632-3291
416,twoodward8,lnt52bzn3bf,cum@protonmail.ca,Tyler,Woodward,870-177-2567
417,ewaters0,hpj27owb1dt,tellus@outlook.ca,Elaine,Waters,726-183-3518
418,mgolden2,xhr88edz4wl,mattis.semper@google.couk,Maite,Golden,111-533-6035
419,skidd4,zzu11sva3ev,lorem.semper@protonmail.net,Sawyer,Kidd,947-347-6086
420,hmoses4,iyq97qup4py,amet.nulla.donec@protonmail.couk,Harding,Moses,634-826-7952
421,cgalloway1,swf23old6mr,enim.mauris@protonmail.edu,Ciaran,Galloway,577-388-9726
422,hlucas0,vdt83ufs7nb,vitae.orci@icloud.org,Hope,Lucas,893-241-8171
423,amclean8,gmg71pwn9lv,risus.at@google.edu,Avye,Mclean,443-214-6050
424,rhanson7,ujb66gei1qj,mattis.velit.justo@protonmail.edu,Raja,Hanson,355-239-5178
425,mhendricks4,xjj62ftr8af,arcu.vestibulum@google.ca,MacKenzie,Hendricks,341-685-7778
426,kspencer4,sdx78kyi1ol,lacus.pede.sagittis@protonmail.net,Kylan,Spencer,561-085-0425
427,wmelendez3,cux62low3he,nascetur@outlook.ca,Wylie,Melendez,644-374-5730
428,vmyers7,bgc71sbx0fp,est@hotmail.ca,Victor,Myers,488-232-3781
429,gboyer1,cbn12mfg0lb,massa@yahoo.edu,Giselle,Boyer,474-436-0767
430,rsnow7,hnf44omq0ur,pretium.neque@aol.edu,Risa,Snow,425-867-6644
431,mmccormick5,gus48gnx6zi,elit.dictum@aol.couk,Maisie,Mccormick,375-414-8862
432,bday3,qci84dmx5ll,pharetra.ut@outlook.edu,Boris,Day,711-235-6076
433,rhuber4,mdu76udw7eq,mi.tempor@outlook.net,Ross,Huber,511-316-6533
434,bchaney3,gti62onv1vj,mauris.ipsum.porta@aol.edu,Burton,Chaney,815-169-5827
435,xgreer5,oyj78uol9tu,luctus.curabitur@yahoo.org,Xantha,Greer,453-134-6878
436,cglover2,skj38szd3sb,litora.torquent@protonmail.ca,Camille,Glover,676-879-6344
437,tbooker6,aij85bym5sh,cum.sociis@protonmail.edu,Todd,Booker,250-578-2512
438,anieves1,kvr62dwb5qf,suspendisse.ac.metus@outlook.com,Alisa,Nieves,480-984-5454
439,blandry5,nul61hhy3db,nulla@hotmail.org,Brady,Landry,323-987-1474
440,loneal1,acw69gmt5dr,metus.vitae@aol.net,Leilani,Oneal,483-722-3965
441,vwilliams6,shd56qbm2nr,magna.sed.eu@protonmail.couk,Veda,Williams,171-576-9680
442,churley8,uim42gdk4ep,est@outlook.com,Charity,Hurley,631-528-5139
443,dlewis6,vco17oye2tq,magna.a.neque@yahoo.net,Dai,Lewis,717-226-2357
444,eserrano5,myv78hgr6sy,est.ac@aol.ca,Ebony,Serrano,879-677-6191
445,cguzman4,cxp47rfk4nv,ornare.fusce.mollis@hotmail.net,Chava,Guzman,435-225-9841
446,emcfarland9,atx82pmk1cc,ultrices.vivamus@outlook.couk,Elliott,Mcfarland,229-124-8413
447,zmiller3,jiw11sqd7rk,ante@outlook.org,Zachery,Miller,432-496-3780
448,edillard3,eqf28bly6hz,condimentum.donec.at@outlook.com,Emerald,Dillard,615-421-5474
449,bmercado5,onc48uwu7wi,nisl@google.net,Blake,Mercado,171-431-6892
450,mortiz9,xml38slr6gy,tellus.lorem@outlook.couk,Martina,Ortiz,333-851-3122
451,bboyer9,ydo75jjy4wm,id@protonmail.ca,Buckminster,Boyer,287-324-1620
452,pguzman7,wmc47gzp7zg,a.purus@icloud.couk,Priscilla,Guzman,864-565-3639
453,dhodges1,dqy01esr0za,rutrum.eu@aol.org,Daniel,Hodges,167-432-0854
454,hbeasley6,yeg63nqw3gi,elementum.at@aol.edu,Hedwig,Beasley,166-366-3744
455,rhurst6,kao78jfp1qd,diam@google.edu,Ramona,Hurst,533-236-2184
456,rdaugherty7,zju75xgo1jv,ultricies.sem@hotmail.couk,Rhiannon,Daugherty,134-594-7497
457,ncarlson1,wii88pqj5bx,nec@icloud.com,Nola,Carlson,679-043-5472
458,jperry0,xle44tow2kr,sapien.imperdiet@icloud.org,Josephine,Perry,723-517-2577
459,zortega3,agk23uge4cg,enim@protonmail.net,Zachery,Ortega,970-860-5478
460,gsullivan6,idl52eqn2eg,lectus@aol.com,Galvin,Sullivan,997-127-4890
461,scontreras5,mdv33mer4cs,est@outlook.couk,Suki,Contreras,924-297-6782
462,egreer4,nic37qxd6hp,at.iaculis@outlook.org,Edward,Greer,461-213-6372
463,mkent4,fnt74uos0st,nec.malesuada@yahoo.org,Mariam,Kent,143-884-2308
464,wwilkins9,cqx38rpp3yu,ut.odio@aol.ca,Wilma,Wilkins,383-542-3347
465,qortega3,lju81ust2aw,integer.tincidunt@aol.ca,Quail,Ortega,436-443-2392
466,smaxwell5,lvd99rlc0it,duis@outlook.net,Samuel,Maxwell,081-556-2517
467,myates0,fci58wzn1bm,habitant.morbi@aol.edu,Mufutau,Yates,241-985-2281
468,pconrad9,twd35wfp1no,facilisis.suspendisse@protonmail.net,Pamela,Conrad,361-586-8048
469,afoster2,udl42nlx1pw,auctor.mauris.vel@google.couk,Ali,Foster,293-895-7608
470,zquinn9,qmk74zfe1cl,ultricies@aol.ca,Zephania,Quinn,632-968-3393
471,sellison1,vjs43fwr7bg,ut.aliquam@aol.com,Summer,Ellison,644-171-5255
472,mpatton6,nil77wia0yj,quisque@google.net,Malachi,Patton,458-507-2786
473,babbott3,qje85wxe1mu,hymenaeos.mauris@icloud.com,Breanna,Abbott,550-327-3546
474,eknight5,yki57xym8vh,interdum.libero.dui@outlook.couk,Emily,Knight,136-566-5563
475,rvalencia5,cnf58paj3hy,fusce.feugiat.lorem@icloud.org,Reece,Valencia,774-845-7489
476,ogarcia1,lgx17qgf8vq,mi.pede.nonummy@google.edu,Orlando,Garcia,821-891-5244
477,jstokes3,qsb60wgr8si,ipsum.phasellus@hotmail.org,Jacob,Stokes,182-308-5148
478,bmooney8,lyr74hrg8mq,donec@outlook.com,Beck,Mooney,344-336-3454
479,rclements3,yry57lwe4ou,libero@outlook.net,Rudyard,Clements,752-217-2358
480,woneal6,tmp58wqw2iz,non.lorem@aol.edu,William,Oneal,254-645-3232
481,dwinters1,asp24dbt5qc,cursus@hotmail.ca,Dalton,Winters,531-685-9442
482,testrada3,qma35stw5we,condimentum.donec.at@hotmail.org,Tara,Estrada,413-625-2127
483,bmartin4,iud01osy0ko,ultricies.ligula@hotmail.ca,Brandon,Martin,427-373-9348
484,mcollier5,dae12igb2vc,non.vestibulum@protonmail.couk,Miranda,Collier,865-774-3338
485,ifinley4,cft52dwu2ou,a.mi@hotmail.com,Imani,Finley,847-355-7155
486,rcain9,huw64mfs1xl,condimentum.donec.at@google.couk,Roanna,Cain,337-483-0431
487,rkoch7,tsp58ktb8fi,vel.sapien.imperdiet@hotmail.ca,Raymond,Koch,530-355-4864
488,aheath4,fxy58uto4xi,cras@outlook.ca,Amaya,Heath,141-110-5828
489,kdowns2,ova63jap7hq,laoreet.libero@icloud.couk,Kay,Downs,632-392-3680
490,kfrazier4,gps79hml5eb,cras.vulputate@outlook.org,Kane,Frazier,663-343-3044
491,severett2,tji12hyq6id,netus@icloud.org,Sean,Everett,198-184-0589
492,zblankenship7,zhm21vqk4cu,orci.lobortis@outlook.couk,Zephr,Blankenship,093-782-4476
493,nfrederick1,ccb81izv6wn,placerat.eget@outlook.com,Noel,Frederick,771-288-7322
494,rvinson9,pcg74rls6pv,dis.parturient@outlook.edu,Reuben,Vinson,398-182-7813
495,bcook9,hom39jug4iy,proin@icloud.ca,Buckminster,Cook,206-126-3539
496,fatkinson8,ccx26fot4wd,semper.cursus.integer@google.couk,Francis,Atkinson,645-532-6156
497,hbowen0,mhm65xut9rb,aliquam.enim@protonmail.org,Hedwig,Bowen,546-376-3895
498,ngrant0,ram14tct3ln,et.libero.proin@protonmail.net,Nevada,Grant,234-255-0172
499,qcole4,oof14qzg0bn,lorem@google.couk,Quin,Cole,954-713-5483
500,bgamble4,cee41snb1hc,non.dui.nec@yahoo.couk,Beck,Gamble,516-405-8108
501,gmadden6,ycn81lia9wo,dui@aol.org,Griffin,Madden,934-742-3366
502,sworkman7,uta43udg1lb,dui.suspendisse.ac@aol.couk,Slade,Workman,587-850-7246
503,jmendez8,bqf37pfv8wn,montes.nascetur.ridiculus@aol.com,Jonah,Mendez,648-366-6786
504,edecker3,mst72jsj3vp,integer@aol.edu,Elton,Decker,331-792-8088
505,lrogers9,teb15jky1sj,parturient.montes@google.edu,Lance,Rogers,142-775-7558
506,awallace9,nme34hzy3iu,dictum.phasellus.in@icloud.net,Abra,Wallace,250-832-4145
507,wmcmillan5,uhf41mxc3sd,enim@aol.net,William,Mcmillan,575-138-8454
508,pmathis9,ybd54fcc1rn,in.felis@hotmail.edu,Palmer,Mathis,037-664-1310
509,dosborn6,ycb41fev4wk,urna.nullam@icloud.org,Dustin,Osborn,759-866-4924
510,ilevy5,kvi83qyz6zq,mollis.integer@yahoo.ca,Igor,Levy,258-847-4170
511,lreese5,its80ghi8sp,interdum.ligula@icloud.org,Lars,Reese,747-078-0244
512,zgregory8,hmi66iqi6dc,adipiscing.lacus@icloud.org,Zorita,Gregory,688-588-5581
513,bstuart5,yxv80ifs2uh,nonummy.ultricies.ornare@yahoo.edu,Benedict,Stuart,736-027-3945
514,cbrooks8,gge74nfj2rl,faucibus.id@yahoo.edu,Courtney,Brooks,782-978-4043
515,ihicks6,qpy63wkj9em,fringilla.cursus.purus@hotmail.com,Isabella,Hicks,511-047-7457
516,mayala8,ulw86ety6nt,vitae.aliquet.nec@hotmail.net,Maxwell,Ayala,835-142-8541
517,wthompson2,wyt42pgq2ch,fermentum.risus.at@hotmail.org,Wanda,Thompson,384-246-8739
518,msalas0,yfh13moa0uf,in.scelerisque@google.net,Mona,Salas,564-435-3458
519,shudson2,wkl81zud8ps,parturient@aol.ca,September,Hudson,016-992-3815
520,jconway2,ipj38stx4cc,integer.sem@yahoo.edu,Janna,Conway,286-372-3353
521,efaulkner8,eut19lds4oq,tincidunt@yahoo.org,Ethan,Faulkner,103-874-6764
522,nzamora3,trt76mft6lq,eu@aol.couk,Neil,Zamora,773-792-8702
523,hrivera2,hbm83brp7nd,lacus.mauris@google.com,Hayden,Rivera,343-097-1016
524,mmccray6,ehs71ifn4wo,suspendisse.sagittis@hotmail.couk,Maya,Mccray,106-168-7644
525,bnielsen3,kir65jkk8rj,bibendum.sed@hotmail.net,Brett,Nielsen,204-553-7715
526,gshannon6,kzt48ttp8db,a@yahoo.com,Grant,Shannon,834-344-4340
527,rjames6,hmy32dfw2oj,suspendisse@aol.edu,Regan,James,572-672-3069
528,kbooker8,puy03bur9gc,donec.elementum.lorem@outlook.couk,Keaton,Booker,223-468-5211
529,bmiller1,yde48hsg3vl,non@protonmail.org,Bert,Miller,302-745-7512
530,mmcmahon1,nfr20eqt8yo,senectus.et@icloud.ca,Molly,Mcmahon,671-828-6402
531,dwheeler9,plx22isk6fi,est@protonmail.com,Diana,Wheeler,252-063-6284
532,nchandler4,pyy17kpw7rf,malesuada@icloud.com,Nayda,Chandler,573-561-3528
533,ncervantes9,fxi87xlu4wi,a.arcu@hotmail.net,Nell,Cervantes,028-855-8152
534,ktravis4,yfj74efs0fe,sed.neque.sed@protonmail.net,Kevin,Travis,522-458-0536
535,msellers3,qqh10okm5mb,tellus.justo@hotmail.ca,Madison,Sellers,535-393-3679
536,lmoore0,gfj25tsg2av,nulla.interdum@yahoo.couk,Lavinia,Moore,687-187-4102
537,cbutler9,lvf69cgk8vs,hendrerit.id@yahoo.com,Chloe,Butler,312-802-2127
538,sgould6,umz11xpc7gp,purus.ac.tellus@hotmail.couk,Sandra,Gould,392-363-2539
539,rsantana9,djg88hfi8vc,ut.molestie.in@icloud.couk,Robert,Santana,394-364-4598
540,eberg5,rfh35xvf6rp,urna.justo.faucibus@google.net,Ethan,Berg,631-787-6253
541,charrell1,mwn77htc2xp,sit.amet.lorem@outlook.org,Chastity,Harrell,680-573-6276
542,snorris7,lcr74kxo5ty,interdum.nunc.sollicitudin@hotmail.edu,Shelly,Norris,863-846-0706
543,bdoyle9,ppy76lzg4pv,magna.tellus@hotmail.couk,Brynne,Doyle,016-419-0129
544,kfulton3,wdf17lup4vb,et@aol.edu,Kirby,Fulton,768-365-8254
545,lhoover4,mbd05hnh0ba,nunc@yahoo.com,Lee,Hoover,137-108-5533
546,jmcclure3,iim43ayp5ks,sed.eu@hotmail.net,Jerry,Mcclure,323-369-7794
547,tburris4,jaj87gcp5ox,aliquet.proin@yahoo.edu,Tatiana,Burris,458-877-6378
548,sgutierrez4,lxk52ckt5wx,eu.placerat@hotmail.edu,Sebastian,Gutierrez,187-754-8146
549,jkey9,mrq22ksv8lk,suspendisse.commodo.tincidunt@hotmail.ca,Jared,Key,244-205-0843
550,rlong5,ygj41xvk2zj,tempor@google.org,Rajah,Long,266-226-6582
551,geverett1,ykj15hii2ou,per@google.ca,Germaine,Everett,581-188-7218
552,rkelly2,dqy23isg6qj,ut.semper@outlook.edu,Rooney,Kelly,621-661-2975
553,cdunn1,ssq30qmq3ec,nunc@icloud.com,Cynthia,Dunn,628-168-1399
554,ilambert0,khq37bof0uu,nunc@outlook.ca,Ivana,Lambert,283-456-4872
555,bmunoz5,zjt66pgl9dm,rutrum.non@google.net,Belle,Munoz,819-460-5347
556,ymelton6,vkt24umc7up,ultricies.ornare.elit@aol.ca,Yeo,Melton,628-740-2566
557,cmichael2,kyd41hdf2ac,a.nunc@hotmail.com,Clio,Michael,084-752-6023
558,hhowell8,cxg18drs2fi,vitae.odio.sagittis@hotmail.net,Hilda,Howell,888-524-4372
559,zjoyce4,bub61lld6hy,tincidunt.congue.turpis@outlook.edu,Zahir,Joyce,255-416-4621
560,gfranklin5,joh01yca5cs,quis.urna.nunc@hotmail.org,Germane,Franklin,855-657-5641
561,dlucas3,ytv62ont3ng,tellus@protonmail.couk,Daryl,Lucas,457-111-8512
562,apitts0,hlo74itw9cs,velit.cras.lorem@hotmail.couk,Abel,Pitts,571-786-2002
563,jhyde4,gsm74ytt4ki,porttitor.eros@protonmail.com,Judah,Hyde,910-112-8044
564,redwards1,kby17vlg4np,ante.dictum.cursus@google.net,Rhoda,Edwards,855-445-6771
565,ymayer5,wxv48hpa4rh,interdum@yahoo.couk,Yoko,Mayer,663-734-3221
566,vharrell4,eiv87ony7uk,taciti@hotmail.couk,Vernon,Harrell,588-731-4603
567,jhickman9,dum43myx3dm,ipsum.sodales@google.org,Jameson,Hickman,672-088-4828
568,mmontgomery0,oer49krq1en,aenean.massa.integer@outlook.com,Martena,Montgomery,054-791-0787
569,snorris0,gef63qgp6xc,tempus@google.com,Shelley,Norris,289-864-5863
570,thopkins5,bmj35clj3zj,leo.cras.vehicula@google.edu,Tyrone,Hopkins,968-837-1628
571,omooney9,nkq17ydm0yw,at.auctor@hotmail.edu,Otto,Mooney,233-664-4517
572,abright0,ctp89erl7tr,accumsan.convallis.ante@hotmail.com,Aurelia,Bright,777-144-0871
573,aowen3,uxx01wip6uo,vitae.semper.egestas@hotmail.ca,Arsenio,Owen,669-885-1113
574,smcdowell3,vvs21pfu7tj,suspendisse.tristique@outlook.ca,Sacha,Mcdowell,827-614-3357
575,nvelasquez0,pdp41hmg8gz,libero.proin.mi@outlook.ca,Nero,Velasquez,177-366-2469
576,tfreeman5,tky61ptw2cf,nunc.laoreet.lectus@google.org,Thomas,Freeman,177-635-8971
577,scline7,mto24css9iy,in.scelerisque@outlook.ca,Sacha,Cline,665-858-3061
578,amurray2,pkw75kez9ot,lacus.quisque@hotmail.couk,Adrienne,Murray,470-894-9117
579,jsears4,duq81bby8tr,dictum.proin@protonmail.org,Joel,Sears,765-063-1016
580,bhouston7,tpx28sjx2if,vitae@aol.edu,Benedict,Houston,617-528-7865
581,ulittle9,dyt75rtq7cv,ut.erat@protonmail.couk,Urielle,Little,165-260-5170
582,prich2,dlw04cgb8of,nec.tempus@hotmail.ca,Patricia,Rich,116-107-5405
583,cgill9,ylj29ctm1xy,risus@outlook.org,Carolyn,Gill,240-460-8845
584,spacheco2,wxq26ydc5gv,dolor.elit.pellentesque@icloud.edu,Simon,Pacheco,241-947-1510
585,efigueroa4,tss45aag7xg,diam.sed@yahoo.net,Emerald,Figueroa,837-274-1515
586,lvazquez1,fij66vpu7gg,vitae@outlook.ca,Louis,Vazquez,292-335-0569
587,swalters9,ujc41vra0nq,penatibus@outlook.net,Sydney,Walters,527-288-5983
588,evaldez6,tpx28rob8fm,parturient@hotmail.net,Emmanuel,Valdez,757-759-7094
589,mrandall0,muc55gro0an,aliquam.gravida@google.org,Myra,Randall,566-313-5748
590,pwatkins5,sxr49jqi8un,tellus.sem@google.ca,Paul,Watkins,824-266-6171
591,lbender7,vup76jqf2ul,dapibus.rutrum@protonmail.ca,Lucy,Bender,363-707-1473
592,kcastaneda2,fcd23rjl1hb,odio.sagittis@yahoo.ca,Kimberley,Castaneda,302-252-3766
593,scervantes0,xzl86wmc3bm,a.odio.semper@icloud.ca,Steel,Cervantes,136-980-5452
594,gjacobson0,fmj81neu7ow,gravida.nunc@google.org,Gray,Jacobson,518-338-3659
595,idonovan0,dbq63njg7he,sit@aol.ca,Ira,Donovan,257-752-2347
596,ehebert1,xcf86nsv7bq,eget.mollis.lectus@outlook.net,Erich,Hebert,583-756-1023
597,dlara4,hvg44thb6sr,urna@hotmail.net,Debra,Lara,314-755-7284
598,jvalentine5,toj85ppk4mv,suspendisse.non.leo@icloud.ca,Jolie,Valentine,327-528-6355
599,msuarez0,gmb67wlq7tu,feugiat.metus@yahoo.edu,Myles,Suarez,473-516-2608
600,vwhite3,uvz48iak2bp,nec@aol.net,Vincent,White,688-544-8221
601,maustin5,bzi87bfv6hp,iaculis.lacus@google.edu,Medge,Austin,197-163-1645
602,kjones2,mlx55xvy6vp,sagittis@yahoo.org,Kuame,Jones,751-618-2388
603,tlucas0,cjq12avc1to,quis.tristique@yahoo.org,Tucker,Lucas,702-336-1948
604,sross6,pcw42dxs6fr,volutpat@hotmail.couk,Suki,Ross,136-891-7857
605,cbrady6,gsj62ukr6ud,fusce@aol.ca,Castor,Brady,292-937-1447
606,kgrimes9,xbh02lve5ow,penatibus@icloud.edu,Kiara,Grimes,164-262-5487
607,pwolf8,lsr99bmb3rk,integer.eu.lacus@hotmail.com,Price,Wolf,389-629-3851
608,jferrell2,lop16jjh9su,rhoncus.proin.nisl@protonmail.couk,Jaquelyn,Ferrell,981-463-8095
609,cmcpherson0,opt41bbb2gd,in.at.pede@icloud.ca,Connor,Mcpherson,718-513-2736
610,pwillis8,cwm11bhy7xj,quis.accumsan@outlook.org,Penelope,Willis,170-123-7129
611,cpierce7,stk12nji5tr,convallis.dolor@aol.ca,Cassady,Pierce,554-346-8746
612,hbooth4,jqt23smm1rm,vulputate.nisi@aol.com,Hilel,Booth,415-137-3520
613,jharmon6,qlh80cry6ke,ligula.aliquam.erat@google.com,Jacob,Harmon,335-591-9024
614,cmills3,pim87few1ol,mauris.vel@aol.couk,Carolyn,Mills,638-718-6912
615,gfigueroa2,bld52fqx8op,consequat.auctor.nunc@icloud.ca,Gabriel,Figueroa,827-061-4265
616,isherman9,jur16eoj0db,nulla.aliquet@icloud.couk,Igor,Sherman,533-135-5181
617,ccain1,ipy77vxo4dt,amet.metus.aliquam@icloud.edu,Colette,Cain,155-746-8509
618,hjordan3,bps84bzu7xi,vitae.nibh.donec@google.org,Hollee,Jordan,074-749-4531
619,idiaz9,fjr71tul8pp,accumsan.interdum@icloud.edu,Isadora,Diaz,137-632-1876
620,greilly4,vyj50mpl3mx,eu.erat@google.couk,Gregory,Reilly,013-604-6301
621,smalone4,cgo49uev2nl,pede.suspendisse@aol.couk,Shaeleigh,Malone,547-447-5416
622,mdaniels6,zbu72vrc1as,vitae.aliquet@yahoo.org,Matthew,Daniels,577-386-5418
623,ugeorge1,zsc88jbz2bb,varius@yahoo.edu,Uriel,George,923-258-4204
624,kspears3,swx80wza0ov,aliquet.sem.ut@hotmail.ca,Kessie,Spears,226-318-4218
625,lbarker1,dna16xgu2dm,ut.ipsum@icloud.edu,Logan,Barker,241-693-3665
626,tmoss1,xyn71ycy5vg,nonummy.ultricies@outlook.couk,Tiger,Moss,250-997-6089
627,gdavenport0,oeo86jbr3sq,mi.tempor@google.couk,Gillian,Davenport,899-483-1640
628,epope8,rku92gvu1rq,vulputate.posuere.vulputate@outlook.com,Ethan,Pope,753-286-8764
629,ahudson7,unq71nnm8ez,dolor.fusce.mi@hotmail.edu,Arsenio,Hudson,077-353-1448
630,bharmon5,qfz33pqs3sk,urna.justo@aol.ca,Barbara,Harmon,166-342-8651
631,zgriffin7,ufj57ece8gu,non.lorem@google.org,Zeph,Griffin,212-271-1334
632,rbaird4,gyx65zbb9ow,pharetra.nam@protonmail.edu,Risa,Baird,480-413-8370
633,cford5,pym77sch7jr,justo.praesent@google.org,Clinton,Ford,776-754-7951
634,ihess2,hhp62bie8sy,a.purus@protonmail.org,Iliana,Hess,952-969-8235
635,ewilliam0,bfj31thk4jc,dignissim.magna@protonmail.net,Edan,William,680-655-2163
636,hevans2,kok43oxw1hs,cubilia.curae@hotmail.org,Hamilton,Evans,884-425-6896
637,mvance5,hhh02lcu8fn,ante.blandit@yahoo.couk,Mufutau,Vance,126-112-2671
638,qmoses5,bht51dwj5lb,dolor.dapibus.gravida@hotmail.ca,Quintessa,Moses,342-728-8967
639,mhardin3,zsq17vpf1gx,a.neque@icloud.org,MacKenzie,Hardin,228-324-9555
640,mroberson5,shg24otx0kb,diam@hotmail.com,Marvin,Roberson,711-723-1762
641,ghumphrey0,evl41eir5nl,luctus@protonmail.ca,Gwendolyn,Humphrey,111-556-6634
642,rcastro3,brg72uis6rv,donec.egestas@hotmail.edu,Rylee,Castro,697-298-1621
643,hcortez2,cnh87gen6yi,dignissim.magna.a@outlook.org,Hiram,Cortez,717-328-8323
644,dbuckner0,dmp10wbv4oo,sit@aol.net,Doris,Buckner,705-548-5754
645,rbrennan4,luy35ttb2fd,ipsum@yahoo.couk,Rhea,Brennan,182-655-6444
646,dberger9,wkw18gov1me,vitae.mauris.sit@yahoo.org,Dane,Berger,731-512-1859
647,nhancock7,mpa11rdg2uu,euismod.ac@yahoo.ca,Nero,Hancock,024-680-3649
648,jmolina5,ajq51ezw5xg,quisque.varius@hotmail.ca,Joseph,Molina,750-967-8588
649,hmorrison5,edg24zbn8ig,condimentum@outlook.edu,Hyatt,Morrison,858-566-0375
650,wburnett7,jsu65sqp5vd,luctus.felis@protonmail.net,Wing,Burnett,344-130-9418
651,svelazquez5,bkn43sdl6dy,pede@aol.com,Sara,Velazquez,887-088-8632
652,ehicks6,eup65gsu4ee,sed.nec@aol.ca,Elton,Hicks,426-964-7006
653,jclarke0,zdr28doh3du,eleifend.cras.sed@protonmail.net,Jillian,Clarke,299-549-0219
654,mlambert7,fhu44wpe5wx,luctus.et@icloud.net,Mia,Lambert,421-128-3564
655,brasmussen7,dmb56fkj5ud,ut@protonmail.net,Bo,Rasmussen,337-433-7884
656,amcclure9,bks87fqo4st,elit.aliquam@hotmail.net,Aileen,Mcclure,505-454-0368
657,bstrong5,uka65ujz9ji,non.egestas.a@outlook.edu,Berk,Strong,436-848-5542
658,dmorales6,hos82tne5up,eu.euismod@outlook.com,Dale,Morales,168-435-2286
659,ahayden4,klu25zfx3lr,pharetra.nam@google.org,Alyssa,Hayden,876-686-8886
660,wrobinson0,duc13jms3uy,porttitor.scelerisque.neque@aol.org,Wylie,Robinson,565-972-3382
661,cpitts1,gps15fcd4tv,cras.pellentesque@aol.ca,Cain,Pitts,824-782-7367
662,teaton1,oxz16nbc8vx,cum.sociis@icloud.edu,Thomas,Eaton,515-702-2652
663,hhutchinson5,wma71spq7cs,at.pede.cras@icloud.edu,Hector,Hutchinson,162-282-7665
664,no'neill2,snx24qxh5yw,nisl@aol.net,Nero,O'Neill,726-353-6872
665,ylarson2,dbr68wod5wg,facilisis.vitae.orci@yahoo.couk,Yasir,Larson,282-586-9154
666,shopkins7,tgr51gyh1zl,vel@aol.edu,Signe,Hopkins,386-775-1818
667,fdonovan9,epm96iwb7gc,urna.et@aol.couk,Forrest,Donovan,283-924-2663
668,mmathews4,lyh55kue3vs,sit.amet@aol.com,Montana,Mathews,302-676-8974
669,hstein1,kig94fib8uu,donec.fringilla@hotmail.couk,Hakeem,Stein,146-178-9670
670,ahunt7,nsd48zxw6sz,vulputate@icloud.ca,Alice,Hunt,080-656-1809
671,ashields7,hwo33eeq7ey,fusce@google.couk,Amena,Shields,855-019-8796
672,oeverett6,mcl16whu7xe,dolor.fusce@icloud.net,Odysseus,Everett,724-763-3453
673,ggreen4,lwv53nyd3je,risus.nunc@icloud.org,Germane,Green,579-253-2778
674,dhurley6,ezh93ojh8to,interdum@icloud.couk,Dalton,Hurley,239-447-9425
675,akidd5,uvx25rmp2px,lectus@protonmail.ca,Aurora,Kidd,472-906-2611
676,kcarver1,oso80bmo8kj,pellentesque.tincidunt@outlook.ca,Knox,Carver,348-375-8341
677,mvasquez0,vyl68djp6bv,penatibus@protonmail.edu,Marsden,Vasquez,343-238-3807
678,kcontreras9,mqp63ypd2ut,in.lobortis@protonmail.couk,Kevyn,Contreras,141-742-7446
679,hwade6,ljl57mbm5pt,felis@yahoo.edu,Hunter,Wade,352-275-9389
680,cschultz0,uje99wjj8if,ut.pharetra@google.com,Cooper,Schultz,222-612-7727
681,nlamb5,mrm76mfc1ue,sed.eu@icloud.couk,Nissim,Lamb,731-372-0803
682,wrichard9,ewh45ivl8di,aliquam.tincidunt.nunc@aol.com,Wang,Richard,248-798-3855
683,hbarron7,dzs71gjx8jg,eu.arcu.morbi@hotmail.ca,Hyatt,Barron,810-311-8432
684,to'neill2,poc56fbt9gx,etiam.laoreet@outlook.net,Trevor,O'Neill,344-068-2745
685,dchaney6,pio10cmt1sy,aliquam@protonmail.edu,Dylan,Chaney,425-566-5872
686,lhines3,rgb52tjr2fk,sed@aol.net,Lawrence,Hines,836-121-1811
687,htyson8,zaf48nyd2ux,morbi.neque@yahoo.edu,Hop,Tyson,366-615-5179
688,ggreene2,ufi10dcd2hf,in@aol.net,George,Greene,965-316-6524
689,hunderwood3,sbo25wvn0ex,ac@protonmail.org,Hyatt,Underwood,468-682-2862
690,fcarson5,scv36ebp4od,tortor.nunc@hotmail.couk,Felix,Carson,031-345-5827
691,csears0,qps76vui4sv,lacus.aliquam.rutrum@outlook.com,Chaney,Sears,454-701-3659
692,dwashington4,zmu88sog2yz,a@outlook.couk,Debra,Washington,601-708-0456
693,mramsey7,xpo95mlz3qw,sed.facilisis@hotmail.ca,Mercedes,Ramsey,742-213-0072
694,dmullen9,qyq67kdr7rl,eu@yahoo.ca,Dalton,Mullen,172-086-6646
695,ncox3,mfl12jbc2jv,cum.sociis.natoque@icloud.couk,Nita,Cox,106-516-2161
696,btravis5,ciw87ajt4tw,cras.eget@outlook.com,Bertha,Travis,164-388-2115
697,omcfarland1,gpb62oir8cp,semper.auctor@aol.com,Omar,Mcfarland,301-818-3264
698,bburgess2,nlm74bfk8go,duis.mi.enim@outlook.org,Brody,Burgess,377-676-0161
699,ebrewer1,lxx43ual2gm,vivamus.sit.amet@protonmail.edu,Elmo,Brewer,488-511-7333
700,msampson5,gxb43ywo8ow,ultricies.ligula@outlook.org,Mufutau,Sampson,523-736-7875
701,bhooper2,ggs72qcb4sc,massa@google.ca,Briar,Hooper,582-901-1587
702,msmall4,dfq49qwg8cm,sem.vitae@hotmail.net,Maisie,Small,611-987-0885
703,avalentine8,qlw98cdh5cu,nunc@icloud.net,Alexandra,Valentine,899-531-4229
704,jholcomb1,mam82sps1fx,non.massa@google.ca,Jorden,Holcomb,153-353-2286
705,edavid5,opw29xaw3od,nunc.ac@google.edu,Elizabeth,David,713-770-5822
706,wcoleman3,ukh52ybk8rb,nec@hotmail.org,Wylie,Coleman,484-703-8024
707,fnorris4,dpt77apl8av,velit.justo.nec@hotmail.couk,Ferdinand,Norris,535-015-6293
708,tgutierrez5,tpb61qod2bl,ac.feugiat@icloud.net,Tanek,Gutierrez,680-915-5853
709,icarson7,tdh49zcg6qj,nunc@aol.edu,Imogene,Carson,263-755-8251
710,gpalmer6,dma07lmb1yr,elit.curabitur.sed@yahoo.com,Graiden,Palmer,366-658-6883
711,mgreen1,ikr84kwm5vd,sit.amet@hotmail.ca,Maisie,Green,537-845-1477
712,callison8,ztk61uoc1yd,vestibulum@hotmail.net,Channing,Allison,322-121-8386
713,gunderwood0,zjx80ylm8ry,mi.enim.condimentum@google.com,Georgia,Underwood,264-738-2412
714,emoss9,dia72ctx8xs,a@aol.edu,Elizabeth,Moss,855-365-7229
715,odonaldson7,cik43fxe3jh,tempor@google.net,Orli,Donaldson,551-238-9433
716,kpetty7,drq13tme6hf,malesuada@outlook.ca,Kamal,Petty,394-243-8341
717,npratt2,qaw57cmj7nj,vel.vulputate@google.ca,Nita,Pratt,762-858-2278
718,janthony4,kwj32rbb1tw,dolor.sit.amet@icloud.edu,Julie,Anthony,549-222-6831
719,ajacobs5,sne55vqj3gr,eget.venenatis@google.net,Adam,Jacobs,754-436-4614
720,rbyers9,mux69etc7va,ornare.sagittis@protonmail.couk,Raymond,Byers,961-296-2105
721,zosborn8,geo13evj4in,non.lobortis.quis@aol.couk,Zeus,Osborn,114-109-0833
722,adennis0,ytw75ogh2ru,turpis.vitae.purus@protonmail.org,Adrienne,Dennis,648-932-7837
723,hkaufman0,ruo88zsw3yo,feugiat.metus@outlook.edu,Hedda,Kaufman,882-267-7374
724,khuff9,qfm89ubp4xg,quam@protonmail.net,Kareem,Huff,116-538-2196
725,imorrison8,idx34fdy5wi,nisl.quisque@aol.edu,Irma,Morrison,368-683-3240
726,ecotton0,lli30gpq3gd,mollis@yahoo.couk,Elijah,Cotton,118-127-4234
727,amaddox6,fpd48eym7mf,ipsum.primis@google.edu,Alexander,Maddox,534-397-7546
728,dhuber8,dgz57zpb5dg,risus.nunc.ac@protonmail.com,Donna,Huber,844-816-7557
729,rtorres0,kfx51xkn1nv,quisque@outlook.com,Ruby,Torres,538-007-4320
730,llester5,ony20knu3nz,nibh.quisque@icloud.ca,Leroy,Lester,514-659-1313
731,dhines2,irt11uqv6cc,diam@outlook.edu,Darryl,Hines,732-351-2761
732,shurley8,zyj10hfl8vt,odio.tristique@outlook.com,Sara,Hurley,679-756-1134
733,hsolomon6,tit92hff3gg,lobortis.class@icloud.com,Hyacinth,Solomon,148-390-0183
734,bgrant8,oyq43geh8sk,sem.egestas.blandit@yahoo.net,Blake,Grant,368-365-4653
735,dwise3,now24uii6yk,orci@outlook.com,Dominic,Wise,393-644-4892
736,kpreston6,mrw40sei7tn,adipiscing.ligula@google.net,Kato,Preston,311-317-1833
737,nwolfe8,xnp14cih1fd,lacus.ut@google.org,Nadine,Wolfe,468-571-1488
738,chatfield5,oex71wvf9nx,iaculis.quis@protonmail.couk,Cleo,Hatfield,582-751-3417
739,uball5,qvg75umo8lj,ac@icloud.ca,Ulysses,Ball,261-371-6767
740,gbrewer8,gpp74aze9ww,massa.quisque@aol.edu,Griffith,Brewer,536-558-1355
741,wprince5,uan61xpr5jd,vel@aol.net,Warren,Prince,144-233-1394
742,eharrell2,lgd09yqe7md,nunc@aol.net,Eugenia,Harrell,351-565-2571
743,jvang0,opu35yri5hc,nec.tellus@outlook.couk,Jana,Vang,272-826-7353
744,eratliff1,suv12iqa6ew,senectus.et@outlook.org,Elliott,Ratliff,714-771-5879
745,kowen9,iyc23kil0ck,dolor@protonmail.org,Kelly,Owen,337-912-4242
746,rhenderson5,aot10pcj4wx,risus.donec.egestas@aol.ca,Rudyard,Henderson,646-731-8375
747,psalinas5,mmz38efj5ly,sollicitudin.commodo.ipsum@icloud.net,Paloma,Salinas,495-659-5366
748,efranco9,iew91cte9tb,urna@protonmail.ca,Echo,Franco,186-586-5314
749,agibbs6,rek17gey2wk,tellus.faucibus@yahoo.net,Ali,Gibbs,026-633-1582
750,kanthony5,qzi74kgy7my,at.fringilla@google.ca,Kalia,Anthony,485-313-2425
751,hpickett8,jne50pko8bp,laoreet@icloud.edu,Hamilton,Pickett,251-285-8930
752,cvalencia6,gji23ips2ed,nisl@protonmail.org,Ciara,Valencia,246-648-3876
753,csexton0,ivh35tky3tl,in.aliquet@aol.ca,Chancellor,Sexton,344-655-4774
754,cherrera3,hlh85low0tz,ac.facilisis.facilisis@yahoo.com,Christen,Herrera,864-183-7567
755,aolsen6,wnz29eew7nb,lorem.donec@yahoo.edu,Abra,Olsen,426-386-7744
756,twilliamson9,jse62epl6bt,fringilla.mi.lacinia@protonmail.edu,Tara,Williamson,438-870-0488
757,cmcdonald8,tpj58zvv0qc,aliquam.gravida@google.net,Carly,Mcdonald,781-218-2858
758,ivelasquez2,xni22ncb3cx,pharetra.quisque@hotmail.org,Ima,Velasquez,337-639-2745
759,kweeks8,gwm38cgp6wj,eget.mollis.lectus@aol.couk,Kathleen,Weeks,152-723-3476
760,tforeman2,dsd11uls3ww,velit.in.aliquet@hotmail.couk,Thomas,Foreman,958-436-4353
761,mhull9,wun33ojs8an,enim.condimentum@aol.couk,Madison,Hull,537-414-5787
762,bdyer1,ciu74swe8sk,nunc.ac@aol.couk,Brielle,Dyer,011-724-5751
763,dlarson9,fmq88gto9rp,non.dui@aol.com,Desiree,Larson,871-088-2482
764,jmclean6,kbe81rtu1mp,dictum.proin.eget@outlook.com,Jamal,Mclean,951-383-8202
765,zhudson6,abp85qpt6cu,mauris.ut@yahoo.com,Zelda,Hudson,161-950-0265
766,tjoyce9,hjd53pne5hv,ultrices.posuere@icloud.edu,Timothy,Joyce,462-574-7926
767,whancock9,qck74nbj6mu,praesent.eu@outlook.ca,Wing,Hancock,201-925-2745
768,omason5,ngm96mmq2he,proin.sed@yahoo.com,Odysseus,Mason,662-392-3495
769,sshaw2,ger19sev7gn,vel.arcu.curabitur@protonmail.edu,Savannah,Shaw,010-842-4941
770,tvaughan4,olt75frq5io,nunc.laoreet@protonmail.org,Teagan,Vaughan,481-964-7224
771,mjennings1,dol57kvy6rh,sapien.cras.dolor@yahoo.couk,Madaline,Jennings,746-394-7711
772,mhenderson3,uiu54fwr7oi,pretium.aliquet@hotmail.com,Marshall,Henderson,794-528-6446
773,ablake8,kel23fql3qx,egestas.duis@google.org,Akeem,Blake,490-536-7914
774,agould4,ucu77dvs1ns,integer.eu@outlook.net,Asher,Gould,388-739-0557
775,xthomas7,cgs18nyl0wf,torquent@aol.couk,Xena,Thomas,343-608-2454
776,lwhitehead1,sjo14ikf7sl,aliquet@hotmail.com,Linda,Whitehead,441-340-1643
777,twooten5,iec67eec5pw,id.mollis@protonmail.couk,Tyrone,Wooten,029-482-1370
778,squinn7,iey51knk2jj,eget.ipsum@yahoo.edu,Shelley,Quinn,665-871-6025
779,sbowen7,efn82lrb4ut,nec.mollis.vitae@outlook.org,Sage,Bowen,424-512-6748
780,lwheeler3,kyu56psa4wy,sed@google.ca,Lani,Wheeler,595-276-5007
781,csolis8,kpy15wkt4ec,ligula.donec.luctus@icloud.edu,Cairo,Solis,519-295-2783
782,smccullough2,kfo63hbn5gt,gravida@google.ca,Suki,Mccullough,236-480-3207
783,tgreer7,gtj40grz6we,mi.lacinia.mattis@outlook.edu,Tatiana,Greer,480-780-8214
784,shayden9,vig88soe2mb,donec.fringilla@icloud.com,Sacha,Hayden,544-226-3494
785,charmon1,ode38ikx8gk,imperdiet.non@protonmail.couk,Carolyn,Harmon,867-448-5348
786,lfrye8,uce07lxb2il,pede.cum@protonmail.edu,Lareina,Frye,537-841-7388
787,mmoody5,uee88eal9oi,non.luctus@protonmail.ca,Malik,Moody,824-765-0803
788,abanks4,hxc50qlx0ir,quis@aol.org,August,Banks,268-362-2361
789,hbranch0,utl95bdr4ok,placerat.cras.dictum@yahoo.couk,Hamish,Branch,861-876-1812
790,kguthrie2,lwt81lnu7sq,ultrices.mauris@hotmail.ca,Kylan,Guthrie,683-546-4794
791,imyers3,puz01mvq3vq,amet@outlook.edu,India,Myers,783-449-7028
792,ccash4,epa24egy7pg,penatibus.et@icloud.net,Charissa,Cash,860-515-4554
793,smichael1,tth30fjq4uh,orci.quis@google.net,Scott,Michael,155-457-2227
794,portiz6,idl86pyx4pt,duis.ac@icloud.couk,Penelope,Ortiz,801-062-5486
795,khawkins6,kew52qtt1lw,pede@aol.couk,Kylie,Hawkins,013-422-7603
796,kbolton9,ubv36ldr8xi,et.rutrum@protonmail.edu,Kylee,Bolton,132-027-2342
797,mdrake1,pam51bom4pv,cubilia.curae@protonmail.net,Megan,Drake,222-135-3272
798,rnichols1,wgy39pdd5xk,enim.mauris@google.couk,Renee,Nichols,743-483-2229
799,brivers2,cxk37klg9kr,aliquam@google.com,Baker,Rivers,742-331-6024
800,ejackson5,mss03kqe4nd,a@google.com,Erasmus,Jackson,611-571-1359
801,ddunlap6,efj61kcf2lt,lobortis.quam.a@outlook.org,Dean,Dunlap,237-522-7686
802,scalhoun0,xcy01zmh6fb,aliquam.enim.nec@google.com,Shea,Calhoun,142-655-9743
803,awinters7,vbs56ecy0ji,mi.tempor@google.ca,Abigail,Winters,306-916-9729
804,xlangley9,gxj56xuh5cz,quisque.fringilla.euismod@yahoo.com,Xenos,Langley,018-114-2068
805,wharrison3,myx81ytv5bv,turpis.nulla@outlook.couk,Walker,Harrison,428-853-7321
806,cbrewer3,ugf02msw4kz,donec.egestas@outlook.org,Ciara,Brewer,497-366-8188
807,mlynn3,csu41xyl7hv,commodo@yahoo.org,Madaline,Lynn,446-567-4288
808,rkennedy5,afp33kry5bi,a.odio@icloud.couk,Ray,Kennedy,444-848-1674
809,smedina9,cyg15nsd5kg,cursus@google.edu,Steel,Medina,551-388-1945
810,cshepard3,jdq37tlb7lt,vel.arcu.curabitur@icloud.net,Coby,Shepard,726-941-8266
811,jhorne4,eoj43omr6gy,curabitur.vel@yahoo.edu,Janna,Horne,564-178-9926
812,mjuarez6,wte86qwg4pu,mauris.eu@hotmail.ca,Marshall,Juarez,037-164-6122
813,tbeard5,pzb41ixo5ql,egestas@aol.org,Tucker,Beard,731-588-5094
814,scobb3,rdi29roc7ms,nunc@aol.net,Scarlett,Cobb,173-329-2037
815,nromero3,nkg25drq8ft,lobortis.quam.a@google.com,Neve,Romero,064-673-8142
816,twagner9,chy23pbg7ng,taciti.sociosqu@yahoo.com,Tarik,Wagner,923-767-1304
817,gburt9,oci85sdc1qc,mus@yahoo.ca,Gisela,Burt,603-882-7653
818,pholland9,iwl62zni1yg,vitae.aliquam.eros@yahoo.edu,Patricia,Holland,335-965-6937
819,rdawson0,tyy46erd5si,maecenas.mi@hotmail.couk,Randall,Dawson,546-006-9678
820,cjohnston8,sko46pcs3rd,lorem.ut@aol.couk,Cameron,Johnston,283-875-1803
821,jbriggs2,xfe67btm7rn,arcu.et@yahoo.ca,Jaden,Briggs,316-381-8110
822,ktalley2,fle07ytq7cj,urna.et@hotmail.com,Kelsey,Talley,546-115-1514
823,hpatel6,qwj47ofz2jg,libero.mauris@protonmail.org,Hop,Patel,586-173-8937
824,echarles7,hdn08ccr2vk,nec.urna@google.net,Ebony,Charles,246-149-5802
825,jkidd4,ysq15adj1ek,scelerisque.scelerisque.dui@google.com,Joshua,Kidd,845-745-6656
826,kfigueroa5,rme27fmr6es,mauris@yahoo.com,Kirsten,Figueroa,809-172-9372
827,lfloyd4,cdp16rfy0iw,ullamcorper.eu@icloud.couk,Leroy,Floyd,568-136-2576
828,gcallahan4,lfe58omn2xw,eros.proin.ultrices@aol.edu,Gwendolyn,Callahan,521-356-7762
829,lrogers2,kxh65rid8vw,nec.imperdiet@hotmail.ca,Lyle,Rogers,302-444-5660
830,mfowler3,eje09czj8ez,ac.mattis@yahoo.com,Michael,Fowler,766-461-1334
831,adiaz0,rxf47opo2wt,phasellus.dolor.elit@hotmail.org,Arthur,Diaz,848-226-2300
832,rstevenson9,rbx42ukx3df,nulla.ante@protonmail.org,Rinah,Stevenson,652-660-5741
833,cwatkins8,kom43juy4lg,sociis.natoque@protonmail.edu,Caryn,Watkins,461-814-8556
834,rknox5,fhb89hhj3wq,mi.aliquam@outlook.couk,Ralph,Knox,439-353-6758
835,merickson6,ftc26idw5fs,ut.odio@hotmail.net,Miriam,Erickson,784-256-0622
836,cmcdonald9,cko93mnb1rv,at.iaculis.quis@yahoo.net,Cynthia,Mcdonald,315-159-5301
837,showe8,rlm86chg0hd,ornare.fusce@protonmail.org,Steven,Howe,428-624-4720
838,cspears3,epu16duc6sl,eu.erat.semper@outlook.com,Colby,Spears,704-832-7735
839,dcollier9,psq69ujt6in,ipsum.suspendisse@outlook.org,Denton,Collier,696-620-9433
840,galvarado0,hdo67hav2to,purus.mauris@icloud.org,Galena,Alvarado,160-350-9271
841,charvey2,nfh51acg1jr,vel.sapien.imperdiet@icloud.ca,Chancellor,Harvey,388-056-8954
842,fwaller9,gvc54pwy4np,sed@outlook.edu,Farrah,Waller,337-364-2837
843,mdurham4,elf82zeb6vn,laoreet.posuere.enim@protonmail.net,Maxine,Durham,463-185-2814
844,mstuart5,jdg34jeu7xo,sit.amet.faucibus@google.ca,Mercedes,Stuart,044-343-2658
845,agraves8,qgx61oaz6kj,tincidunt.tempus@hotmail.net,Alan,Graves,311-502-7892
846,mholman4,dsm57pni1rt,sapien.nunc@protonmail.edu,Mariko,Holman,184-666-1613
847,kbernard2,ieo22bkj4xd,id.erat.etiam@google.couk,Kevin,Bernard,614-678-2522
848,mpetersen8,udk18bqp7in,dictum.eleifend@protonmail.couk,Martha,Petersen,147-528-5341
849,cmckay1,lmr73ilo7wh,nonummy.ultricies.ornare@protonmail.net,Cora,Mckay,844-756-6906
850,jbarrett4,xdp10bbw4vb,ullamcorper.viverra@hotmail.couk,Jasper,Barrett,247-195-6052
851,dknox2,ohi48wjn9sx,et.ipsum@google.org,Dalton,Knox,862-021-8738
852,sreilly1,gmf87txo4jf,aliquet.lobortis.nisi@icloud.org,Sean,Reilly,560-345-8498
853,aavery7,vho41gpv2tb,non.hendrerit@hotmail.net,Arthur,Avery,763-719-2951
854,bmalone7,srw65via3dk,tincidunt.donec@outlook.edu,Barry,Malone,255-285-0827
855,tmanning6,avy52kqo0bi,non.enim.mauris@aol.edu,Tiger,Manning,135-896-1747
856,mfuller0,eae73gil1wm,laoreet.ipsum.curabitur@protonmail.org,Marshall,Fuller,171-473-3649
857,rbonner6,kxj10ewm5lv,lorem@yahoo.ca,Raymond,Bonner,788-351-0016
858,bhanson8,bgt61ccp7ie,nec.ligula@protonmail.org,Barclay,Hanson,789-664-3417
859,igriffin2,xpv16bho2zm,tristique.senectus@yahoo.ca,Imani,Griffin,888-283-8782
860,eray4,xac72uat9rv,gravida.sagittis@google.org,Ella,Ray,715-531-8520
861,gmercer7,rfi12unb1kk,primis.in@icloud.edu,Germane,Mercer,019-814-7123
862,cmaddox5,woa06lqv1os,pretium@icloud.edu,Conan,Maddox,330-578-2863
863,rpugh1,ynk78qve4mn,diam.luctus@protonmail.net,Ruby,Pugh,225-737-5959
864,zmullen3,hql23iru8wq,tincidunt@yahoo.couk,Zane,Mullen,399-442-0515
865,cgregory9,sfv55qli7yq,erat@protonmail.edu,Caleb,Gregory,396-315-6643
866,ckelly2,heo16gnk6cy,sit.amet@outlook.ca,Camille,Kelly,877-086-6145
867,vdecker3,pnx12hyx4re,blandit.mattis.cras@outlook.com,Violet,Decker,692-578-8239
868,mlarson2,ylb23ddt5uf,ante@hotmail.org,Maggie,Larson,883-337-3582
869,gmiranda4,vxq51vkm6ma,ut.lacus@yahoo.org,Gay,Miranda,351-685-9358
870,mramsey0,kgc49sop1zv,nunc.ut.erat@protonmail.edu,Meghan,Ramsey,113-356-4881
871,dcharles0,zko92ezk9eb,semper.erat@outlook.couk,Delilah,Charles,092-328-4031
872,ohogan1,uuu48snz1jq,sed.est.nunc@protonmail.com,Odessa,Hogan,220-074-8563
873,rbowers8,jws32oly2mj,mollis@yahoo.org,Rhea,Bowers,520-473-7136
874,rkramer8,sjf76lfv3wh,non.sapien.molestie@aol.net,Robert,Kramer,264-866-1187
875,zgarrison7,ngd62imu4dt,varius.ultrices.mauris@icloud.org,Zelenia,Garrison,684-614-3335
876,lbuckley3,cdp82pzp5vv,nibh.quisque@google.edu,Lynn,Buckley,597-658-3757
877,ldavidson3,ddd43mjy7ll,tempor@google.edu,Laith,Davidson,566-762-1796
878,wsnider4,zrk10dui8qc,senectus.et.netus@hotmail.couk,Wanda,Snider,643-550-7435
879,ecurtis7,ltw54pws7yg,elit.nulla@hotmail.org,Edward,Curtis,263-904-3772
880,helliott8,ofk31kjo4jw,et.commodo.at@hotmail.org,Hyacinth,Elliott,682-524-2213
881,rhess3,qbv56ydx6uw,morbi.non@icloud.com,Reese,Hess,568-927-1718
882,adale5,lyj12tht1ew,nisi.aenean.eget@yahoo.com,Abraham,Dale,334-516-7168
883,nhinton6,nlw43mrr1fl,feugiat.nec@aol.couk,Nomlanga,Hinton,153-631-3712
884,tguerrero0,kra47lio0vo,praesent.interdum@google.net,Troy,Guerrero,180-340-4623
885,gdelgado6,wsp47ktm6qv,vestibulum.mauris@aol.com,Griffin,Delgado,822-871-8537
886,icash7,esv50mcp4bp,maecenas.malesuada.fringilla@outlook.ca,Indira,Cash,534-948-5126
887,twaller4,ipw61zoh5wh,lorem@icloud.ca,Tasha,Waller,820-126-3412
888,ksloan5,oeg12zrb8kw,felis.ullamcorper@outlook.couk,Kellie,Sloan,637-276-2866
889,mphillips9,hpr56gxt5ji,mi.ac@hotmail.org,Maite,Phillips,601-817-9284
890,ckeller5,wbj44yua8qt,neque@yahoo.edu,Colton,Keller,434-738-3323
891,smullins5,fqe26cez1av,pellentesque.massa@icloud.couk,Shea,Mullins,156-781-6001
892,spollard3,hwe62iys8si,dignissim.maecenas@protonmail.edu,Suki,Pollard,178-724-0785
893,sleon2,xfp44nui6pt,at@yahoo.couk,Stewart,Leon,407-324-8143
894,isims2,foy37jdd8iu,cras.lorem@protonmail.couk,Ivory,Sims,515-187-5800
895,jsalinas1,lpj15lnv8vo,nulla.facilisi.sed@icloud.org,Julian,Salinas,422-538-5236
896,lray0,eul85ogm9xb,sem.egestas@aol.com,Lucian,Ray,682-706-8547
897,jleach5,wul42xki3vf,at.lacus@protonmail.edu,Jin,Leach,373-258-1251
898,gboyd2,jix00bun4yj,quam.dignissim@hotmail.couk,Gillian,Boyd,452-611-0863
899,mo'connor3,oyn27jkv6qs,sit.amet@outlook.com,Mariam,O'connor,893-366-5122
900,zduffy7,uko69rdc2kz,orci.quis.lectus@aol.edu,Zane,Duffy,345-247-3486
901,bvillarreal8,kzj27ugi3hx,non.hendrerit.id@icloud.couk,Brett,Villarreal,385-814-4175
902,gmccray6,oge25eli4hs,lacus.varius@hotmail.ca,Gannon,Mccray,131-392-1144
903,mmorris4,rjp05bhk3sm,aliquet.metus@outlook.ca,MacKenzie,Morris,185-661-5554
904,jmckay1,kvd72tag2oc,facilisis.suspendisse@aol.couk,Jorden,Mckay,851-179-7198
905,drose2,mgv16csv9rr,tempor.est@outlook.com,Davis,Rose,613-107-7082
906,fharmon6,wew76pfg5tb,nunc@outlook.net,Fletcher,Harmon,416-342-4628
907,nfry2,ccm11gpo4xc,nonummy@hotmail.net,Nathaniel,Fry,278-412-5248
908,cstout5,odf41fxe3vu,nullam.enim@outlook.org,Chastity,Stout,731-072-5841
909,lpreston2,rrf51jwm7vs,quisque.porttitor@protonmail.ca,Lacey,Preston,223-585-1985
910,fcole4,win40ytl4fm,lorem@aol.net,Felicia,Cole,587-714-5389
911,ecoleman7,jgx45owf3bg,non@aol.com,Emma,Coleman,382-882-7311
912,lbutler4,ujm95dfw1xe,neque@outlook.com,Lee,Butler,515-554-6477
913,tbooker2,cnk52loj7gg,non.egestas@aol.edu,Tanek,Booker,467-423-6063
914,aweiss2,fjr06cxh2ts,lacinia.at@aol.ca,Aline,Weiss,122-251-6038
915,emayer4,iou47nnv7kw,at@yahoo.net,Eaton,Mayer,125-118-5081
916,fferguson0,gpw12caj4vp,odio@google.couk,Freya,Ferguson,708-592-2851
917,iduke4,ukf22xtk6ij,dui@icloud.net,Illana,Duke,841-361-1227
918,rbaxter3,vho76ejg1dk,elit.etiam@protonmail.ca,Raphael,Baxter,658-858-7334
919,mgray0,icg87scs2ng,ut@google.org,Marsden,Gray,994-516-3653
920,rjefferson0,vrt61yhy1ey,dictum.cursus@google.org,Rhona,Jefferson,885-491-3200
921,hcooley5,tpi92cgh0eu,pede.malesuada@aol.ca,Harrison,Cooley,406-527-1012
922,qpickett6,ohl77xri3ov,commodo@hotmail.ca,Quinn,Pickett,251-631-1412
923,cmurray2,kfs22kzo2tt,inceptos@outlook.net,Chancellor,Murray,977-089-2267
924,jhouse1,nmm75hsi7ie,ac.facilisis.facilisis@outlook.net,Jorden,House,120-441-8487
925,astark0,odn55hgb8rv,lacus.quisque.imperdiet@yahoo.ca,Ashton,Stark,417-685-2777
926,jvillarreal9,fdr35dxh9ve,nam@aol.ca,Jaquelyn,Villarreal,525-672-7466
927,lmartin2,shm32hxc7px,ultrices.posuere.cubilia@yahoo.org,Lucius,Martin,261-234-1498
928,iatkinson6,tvn14eqh1ky,neque.pellentesque.massa@google.ca,Ira,Atkinson,664-777-3854
929,hbaldwin9,ofr66ekr7uf,luctus.ut@protonmail.net,Hammett,Baldwin,927-159-2818
930,gball3,pbn38hue3et,risus.nunc.ac@protonmail.net,Giacomo,Ball,286-135-1157
931,alambert7,ujx51pvy5jc,nibh@outlook.couk,Ainsley,Lambert,223-050-7719
932,hbrock8,lyp62eml1qj,parturient.montes@icloud.com,Heather,Brock,361-359-8361
933,lwilson1,gqf14lhk6cu,faucibus.morbi@aol.net,Logan,Wilson,342-723-9566
934,awise7,kzb45yoi5vs,enim.non@icloud.com,Addison,Wise,169-532-1616
935,dnoel3,uqo15xxl3xl,vehicula.aliquet.libero@outlook.net,Daria,Noel,562-457-8515
936,rcash4,ikm69fwd7vf,neque.morbi@hotmail.net,Raymond,Cash,243-496-2555
937,rnielsen6,jxu72vko8jp,dis.parturient@google.edu,Reese,Nielsen,211-844-1294
938,ladkins4,lub01ddc6sd,cras.eget@hotmail.ca,Libby,Adkins,875-866-6935
939,dbrock8,tyh57vwx0he,elementum.purus@google.ca,Drake,Brock,604-720-3160
940,aferguson3,qdp75tyb7ve,rutrum.fusce.dolor@icloud.ca,Austin,Ferguson,383-165-1875
941,etownsend6,elw59bnz4is,odio.nam@outlook.com,Ezekiel,Townsend,137-620-7542
942,calbert5,bhu56hxs9lt,dignissim.maecenas@outlook.net,Cruz,Albert,745-154-0322
943,qdunlap3,wuv58och8xw,nam@aol.net,Quemby,Dunlap,156-217-1280
944,kcharles2,gun75muy0ny,magna.duis.dignissim@hotmail.edu,Kane,Charles,364-162-4571
945,gwolfe9,znn57lir7sn,pellentesque.sed@google.couk,Geraldine,Wolfe,617-662-4582
946,mpalmer5,tpo04svx6pq,metus@protonmail.edu,Myles,Palmer,751-744-7883
947,lgill4,scr67onf5gh,maecenas.libero@outlook.net,Laith,Gill,497-121-2388
948,mgould1,qpx54rdq4zv,nullam.scelerisque.neque@outlook.edu,MacKenzie,Gould,348-541-9104
949,bmonroe4,pbx22pwq4py,nulla.interdum@aol.edu,Brittany,Monroe,701-825-6512
950,srosales7,drd94uuc2vd,sit.amet@protonmail.ca,Stacey,Rosales,567-056-1573
951,dgillespie8,pjm70dch0yw,sed@aol.com,Diana,Gillespie,016-571-4825
952,jmayo4,ber11qyk2ii,egestas.urna@hotmail.ca,Josiah,Mayo,162-898-1146
953,lchambers3,ufp21ynh2gc,fusce.mollis@aol.couk,Leah,Chambers,514-343-4747
954,mhead4,tgk35ynt9st,malesuada.malesuada@hotmail.org,Melvin,Head,545-283-4887
955,gdelaney2,qtf51bqe4cg,pellentesque.habitant@yahoo.net,Germaine,Delaney,247-111-2458
956,bgarner6,juc77nlr5vv,non.ante@protonmail.com,Belle,Garner,359-567-4214
957,aparker3,qre44ilh8hy,lorem.ipsum@protonmail.net,Acton,Parker,742-327-3147
958,hramsey5,ukv81qzg6ix,amet@hotmail.org,Hadassah,Ramsey,693-422-1340
959,vbarrera1,oqd77eox7xs,ut.pellentesque.eget@icloud.couk,Vladimir,Barrera,911-284-2193
960,ksteele8,crc56btx1ef,tristique@outlook.couk,Kennan,Steele,411-166-2732
961,umurphy4,ofh91lfu1xp,arcu.vestibulum@protonmail.edu,Ulla,Murphy,372-822-9342
962,etran5,mwn49jcj7tz,dolor.sit@hotmail.org,Erasmus,Tran,928-344-4887
963,abanks5,lut68egm4iy,gravida.sit@google.edu,Ali,Banks,586-471-6171
964,amurray3,ihv20qvk6hs,vitae.aliquet@hotmail.couk,Alea,Murray,625-177-7585
965,hcastaneda5,wfp78lgr6gx,non.egestas.a@protonmail.com,Harding,Castaneda,544-767-2781
966,aknapp1,jtl19phd1kk,malesuada.fringilla@outlook.couk,Audra,Knapp,960-248-8542
967,hgriffith1,syq41gtz7xg,congue.in@google.ca,Hilda,Griffith,574-373-1406
968,slawrence9,bgx58hpo8ot,lorem.vitae@yahoo.org,Suki,Lawrence,521-838-1519
969,cclark6,fhq60lle3xi,blandit@protonmail.ca,Callie,Clark,732-344-6011
970,nmelton5,eof83kgy1uo,id@google.net,Nigel,Melton,676-359-0943
971,aleonard1,nlx63rmc7pn,non.lacinia@icloud.org,Angela,Leonard,114-486-7121
972,nburgess4,vum33xlr6si,consectetuer.adipiscing@yahoo.ca,Noah,Burgess,961-087-7113
973,flopez9,pgm46hre4vl,luctus.sit@hotmail.org,Francis,Lopez,578-757-9728
974,rkelley5,cbx70cnu7oy,bibendum.donec@icloud.com,Roanna,Kelley,074-734-6424
975,dbuchanan7,vzb83uub4ef,ut.tincidunt@google.couk,Dane,Buchanan,227-885-1676
976,scurtis4,jod86ojp4sq,adipiscing.enim@outlook.couk,Simon,Curtis,786-066-3208
977,jhuber5,qci82qom5lh,lorem.tristique@aol.com,Jamal,Huber,774-108-7845
978,bvaldez7,fox22sff4tu,ultrices.iaculis.odio@hotmail.ca,Brock,Valdez,787-410-5267
979,sbrock8,fnr67vjc4om,neque@yahoo.org,Sheila,Brock,115-666-3093
980,rturner2,yid84mde7jf,aptent.taciti@google.edu,Ray,Turner,715-682-4719
981,lanthony0,wqq74jpl4jd,fermentum.metus@protonmail.net,Lawrence,Anthony,258-394-3170
982,hdaniel0,oef38mtv5gs,velit.justo@yahoo.edu,Honorato,Daniel,711-156-0609
983,rgates1,mpp58vxi7bg,interdum.enim@yahoo.net,Russell,Gates,237-307-0414
984,ocardenas4,bng22ips1jh,dolor.donec@protonmail.edu,Octavia,Cardenas,172-108-7221
985,aroth7,gbr77sst3cu,porta.elit@yahoo.net,Addison,Roth,740-623-4505
986,kberger4,ner84fec8yn,amet.diam@aol.net,Kirby,Berger,340-436-2351
987,brich6,eri82ttn7cp,aliquam@outlook.net,Buckminster,Rich,317-347-1336
988,gboone1,gey93dut4tq,enim@aol.org,Giselle,Boone,785-106-7870
989,jcalhoun2,bla37iti4gw,ornare.lectus@hotmail.edu,Jana,Calhoun,745-306-5124
990,jwise7,ymc47smn3ne,ornare.elit@protonmail.com,Jordan,Wise,280-488-6184
991,omayer0,yjp47ooc2yd,rutrum.justo.praesent@icloud.net,Odysseus,Mayer,685-116-7114
992,sstokes6,rsw35rmw1ns,nec.metus@outlook.couk,Samuel,Stokes,511-726-8182
993,ctravis0,dlw18sjx8uc,hendrerit.donec@protonmail.org,Catherine,Travis,553-556-3421
994,jchang1,vsj57qye3tc,tempus.risus@icloud.com,Jenna,Chang,135-643-5781
995,hbonner9,jbu67jxk6tl,pellentesque.habitant.morbi@google.couk,Hannah,Bonner,731-266-2450
996,dbean3,rfs34tbw8uy,fames.ac@hotmail.com,Destiny,Bean,661-746-3467
997,hfrederick8,uqq32nxn2kb,neque.sed@google.couk,Honorato,Frederick,181-281-2655
998,vschultz0,fnr21tfc0rj,id@icloud.couk,Violet,Schultz,026-254-1567
999,mdouglas6,woh96xwx8kf,metus.facilisis.lorem@hotmail.net,Macy,Douglas,563-293-4757
